Model,Test,Few(n),n,Prompt,r,ex_selector,s,bleu,sari_add,sari_keep,sari_del,sari,fkgl,pbert_ref,rbert_ref,F1_bert_ref,pbert_src,rbert_src,F1_bert_src,ppl_mean,ppl_std,LENS,LENS_std,intra_dist1,intra_dist2,inter_dist1,inter_dist2,c_ratio,splits,lev_sim,copies,adds,deletes,lex_complexity
flan-t5-xxl,asset-test,asset-valid,3,p0,1,random,95829907.66666667,87.85,3.93,61.93,40.92,35.6,8.73,87.78,86.92,86.52,90.51,83.55,86.96,110.26,146.41,63.5,12.95,92.0,99.0,40.22,86.65,0.9,1.04,0.9,0.3,0.06,0.15,8.53
flan-ul2,asset-test,asset-valid,3,p0,1,random,95829907.66666667,88.15,5.07,62.33,48.99,38.8,7.76,88.14,85.89,85.95,88.66,78.92,83.69,116.25,162.97,66.0,12.76,92.17,99.07,40.83,86.53,0.85,1.1,0.86,0.2,0.06,0.19,8.53
openai-text-davinci-002,asset-test,asset-valid,3,p2,1,random,163095907.66666666,81.34,9.35,63.57,55.74,42.89,7.74,86.39,87.14,85.8,84.89,78.61,81.7,101.23,140.42,67.61,11.96,91.3,98.99,38.19,85.07,0.91,1.17,0.83,0.05,0.13,0.2,8.46
flan-ul2,asset-test,asset-valid,3,p1,1,random,95829907.66666667,86.85,5.25,62.27,47.97,38.5,7.76,87.09,86.39,85.76,88.2,80.33,84.2,115.55,137.95,64.39,13.53,91.83,99.05,40.03,86.02,0.88,1.13,0.87,0.18,0.07,0.18,8.52
flan-t5-xl,asset-test,asset-valid,3,p0,1,random,95829907.66666667,87.05,3.57,61.69,41.76,35.67,8.55,87.35,85.79,85.68,89.7,81.74,85.65,114.37,141.77,62.44,12.78,92.02,99.01,40.39,86.76,0.88,1.05,0.88,0.26,0.06,0.17,8.54
openai-text-davinci-002,asset-test,asset-valid,3,p0,1,random,163095907.66666666,83.02,7.93,62.79,56.55,42.42,7.69,87.1,86.42,85.66,85.74,76.31,80.94,111.07,139.68,67.95,11.82,92.12,99.07,39.59,86.28,0.86,1.13,0.83,0.04,0.1,0.22,8.5
flan-t5-xl,asset-test,asset-valid,3,p2,1,random,95829907.66666667,81.79,7.34,62.89,52.98,41.07,7.16,86.09,85.75,85.06,85.22,78.73,81.95,109.39,128.39,64.74,14.36,90.64,98.79,39.13,85.86,0.89,1.25,0.85,0.1,0.12,0.2,8.5
flan-ul2,asset-test,asset-valid,3,p2,1,random,95829907.66666667,80.55,8.14,62.85,57.5,42.83,6.85,85.58,84.91,84.34,83.66,75.9,79.73,109.31,124.07,67.36,12.83,91.02,98.91,39.29,85.76,0.87,1.28,0.82,0.07,0.13,0.23,8.49
flan-t5-xxl,asset-test,asset-valid,3,p2,1,random,95829907.66666667,81.16,7.63,62.61,55.01,41.75,7.27,85.44,84.81,84.13,85.02,77.62,81.27,110.66,146.05,66.08,13.72,91.04,98.88,39.15,86.2,0.88,1.22,0.84,0.11,0.12,0.22,8.49
flan-t5-xl,asset-test,asset-valid,3,p1,1,random,95829907.66666667,83.95,4.11,61.24,46.48,37.28,8.18,84.77,84.12,83.56,85.89,78.07,81.91,131.62,171.79,59.0,16.01,92.05,99.0,39.89,85.58,0.87,1.06,0.87,0.13,0.08,0.19,8.54
flan-t5-xxl,asset-test,asset-valid,3,p1,1,random,95829907.66666667,83.97,4.29,61.44,45.25,36.99,8.4,84.3,84.59,83.48,86.07,79.35,82.64,125.35,146.53,60.28,14.98,91.96,99.06,40.09,85.78,0.9,1.06,0.87,0.17,0.08,0.18,8.55
openai-text-curie-001,asset-test,asset-valid,3,p0,1,random,163095907.66666666,78.81,6.38,61.33,51.46,39.72,8.3,84.24,84.34,83.3,85.06,78.53,81.74,95.16,111.41,63.5,13.79,90.94,98.84,38.94,85.05,0.92,1.1,0.85,0.08,0.11,0.19,8.52
flan-t5-small,asset-test,asset-valid,3,p0,1,random,95829907.66666667,83.03,2.57,60.31,41.74,34.87,8.66,84.7,83.41,83.13,88.77,81.46,85.05,116.01,128.24,56.97,16.78,91.81,98.83,40.08,86.38,0.89,1.04,0.9,0.28,0.06,0.16,8.53
openai-text-curie-001,asset-test,asset-valid,3,p2,1,random,163095907.66666666,77.52,6.71,60.74,52.15,39.87,8.33,83.56,83.79,82.75,83.91,77.4,80.6,98.36,125.81,63.02,14.03,91.32,98.88,39.18,85.16,0.91,1.09,0.84,0.07,0.12,0.2,8.52
openai-text-babbage-001,asset-test,asset-valid,3,p2,1,random,163095907.66666666,79.0,4.97,61.03,49.34,38.44,8.65,83.44,83.5,82.46,84.92,78.28,81.54,98.08,109.28,61.39,14.04,91.3,98.89,39.76,85.6,0.92,1.06,0.85,0.13,0.11,0.19,8.54
bloomz,asset-test,asset-valid,3,p0,1,random,95829907.66666667,78.01,5.42,60.53,47.6,37.85,8.19,82.92,83.32,82.25,85.47,80.56,82.98,107.12,148.49,61.21,14.4,90.8,98.94,38.88,84.33,0.93,1.13,0.86,0.16,0.11,0.17,8.52
bloomz,asset-test,asset-valid,3,p2,1,random,95829907.66666667,72.71,5.35,60.8,46.73,37.63,8.27,82.3,83.54,82.06,85.25,81.37,83.29,98.08,113.91,61.07,13.12,90.54,98.82,36.77,79.69,1.03,1.25,0.86,0.17,0.12,0.15,8.56
openai-text-ada-001,asset-test,asset-valid,3,p2,1,random,163095907.66666666,79.54,2.59,60.11,39.2,33.97,9.06,81.69,83.6,81.76,86.26,81.88,84.01,120.01,143.99,56.41,17.87,90.96,98.43,39.22,85.07,0.94,1.04,0.89,0.28,0.09,0.15,8.53
flan-t5-small,asset-test,asset-valid,3,p1,1,random,95829907.66666667,81.78,2.24,59.89,40.97,34.37,8.52,83.13,81.99,81.63,86.96,79.83,83.34,115.84,131.88,56.68,17.15,91.37,98.77,39.95,86.37,0.9,1.08,0.89,0.28,0.07,0.17,8.52
llama-65b,asset-test,asset-valid,3,p2,1,random,95829907.66666667,72.04,5.67,60.57,49.53,38.59,8.07,82.04,83.06,81.59,83.64,78.45,81.0,100.04,112.94,62.9,13.43,90.99,98.87,36.38,79.77,1.0,1.22,0.84,0.16,0.13,0.18,8.51
openai-text-babbage-001,asset-test,asset-valid,3,p0,1,random,163095907.66666666,77.7,4.56,60.53,49.47,38.19,8.6,82.69,82.51,81.59,84.13,77.38,80.69,100.69,115.84,61.3,14.7,91.29,98.86,39.89,85.63,0.92,1.07,0.84,0.14,0.11,0.2,8.53
openai-text-davinci-003,asset-test,asset-valid,3,p0,1,random,163095907.66666666,70.74,10.73,60.53,68.27,46.51,7.37,82.78,81.71,80.93,77.38,67.32,72.3,122.41,174.34,67.91,12.75,92.54,99.19,40.54,87.28,0.82,1.09,0.73,0.0,0.17,0.34,8.51
opt-iml-max-1.3b,asset-test,asset-valid,3,p0,1,random,95829907.66666667,83.66,1.75,57.6,40.97,33.44,8.26,82.93,80.43,80.63,87.42,77.08,82.1,121.48,157.33,61.04,14.94,92.32,99.0,40.51,85.15,0.87,1.06,0.86,0.43,0.06,0.2,8.52
llama-65b,asset-test,asset-valid,3,p0,1,random,95829907.66666667,76.63,5.31,60.21,49.94,38.49,7.79,81.24,81.64,80.45,82.76,76.67,79.63,110.24,132.22,61.3,15.34,91.15,98.9,38.64,83.89,0.91,1.15,0.84,0.14,0.12,0.2,8.51
flan-t5-large,asset-test,asset-valid,3,p2,1,random,95829907.66666667,75.47,6.78,60.05,59.69,42.17,6.78,82.79,80.35,80.44,81.1,70.45,75.69,117.51,163.43,63.35,16.57,91.05,98.81,39.73,86.25,0.83,1.26,0.8,0.07,0.13,0.27,8.5
openai-gpt-3.5-turbo,asset-test,asset-valid,3,p0,1,random,163095907.66666666,67.22,13.18,60.18,69.21,47.52,7.55,80.69,82.45,80.25,74.69,68.35,71.5,101.69,118.83,68.64,12.52,91.94,99.17,38.59,85.81,0.88,1.14,0.71,0.0,0.23,0.32,8.43
flan-t5-large,asset-test,asset-valid,3,p0,1,random,95829907.66666667,81.11,4.4,57.89,55.08,39.12,7.34,84.22,77.89,79.95,82.96,67.41,74.99,149.12,299.92,63.66,15.73,93.08,98.98,42.24,87.73,0.76,1.08,0.79,0.13,0.07,0.3,8.53
opt-iml-max-1.3b,asset-test,asset-valid,3,p2,1,random,95829907.66666667,79.26,2.55,57.54,47.91,36.0,7.66,83.0,79.02,79.73,86.24,73.5,79.69,123.75,170.08,61.31,15.48,92.4,98.91,39.71,83.83,0.86,1.14,0.83,0.31,0.07,0.23,8.5
opt-iml-max-30b,asset-test,asset-valid,3,p0,1,random,95829907.66666667,79.51,5.19,58.57,57.1,40.29,7.13,83.22,78.87,79.7,83.06,69.01,75.86,130.03,285.57,64.06,15.41,93.11,99.31,40.91,86.08,0.79,1.1,0.8,0.12,0.09,0.28,8.5
flan-t5-base,asset-test,asset-valid,3,p2,1,random,95829907.66666667,76.42,5.79,59.5,58.91,41.4,7.32,82.49,79.2,79.7,81.09,69.44,75.17,118.91,136.04,62.75,15.6,92.25,98.75,40.26,86.66,0.81,1.12,0.8,0.06,0.11,0.28,8.48
openai-text-davinci-003,asset-test,asset-valid,3,p2,1,random,163095907.66666666,63.09,11.71,59.02,69.11,46.61,7.73,80.48,81.25,79.56,75.41,68.16,71.77,101.31,135.35,67.45,12.1,92.2,99.24,39.21,86.2,0.86,1.07,0.72,0.0,0.23,0.34,8.44
opt-iml-max-30b,asset-test,asset-valid,3,p2,1,random,95829907.66666667,74.09,6.69,59.37,60.04,42.03,6.62,82.54,78.64,79.39,80.87,68.13,74.36,117.66,133.16,65.29,15.32,91.99,98.96,38.16,81.18,0.85,1.27,0.78,0.08,0.12,0.29,8.49
openai-gpt-3.5-turbo,asset-test,asset-valid,3,p2,1,random,163095907.66666666,62.71,13.88,58.64,70.55,47.69,7.51,79.65,81.75,79.39,73.6,67.77,70.67,95.97,116.89,69.17,12.56,91.96,99.22,37.53,85.28,0.89,1.12,0.7,0.0,0.26,0.34,8.4
bloomz-7b1,asset-test,asset-valid,3,p0,1,random,95829907.66666667,72.38,4.23,58.85,49.69,37.59,8.6,79.81,80.58,79.25,82.72,77.22,79.93,105.33,135.56,59.3,14.92,91.5,98.96,38.88,84.07,0.93,1.07,0.84,0.18,0.13,0.2,8.51
opt-13b,asset-test,asset-valid,3,p0,1,random,95829907.66666667,73.18,4.9,58.82,51.95,38.56,8.01,80.5,79.99,79.24,82.0,74.29,78.06,96.94,105.48,60.35,15.99,90.69,98.62,38.84,84.62,0.9,1.14,0.83,0.15,0.14,0.22,8.5
bloomz-7b1,asset-test,asset-valid,3,p2,1,random,95829907.66666667,68.75,4.01,58.36,48.77,37.05,8.56,79.89,80.24,79.09,82.8,76.78,79.74,103.85,109.75,59.14,14.52,91.24,98.87,37.28,79.98,1.0,1.16,0.84,0.17,0.12,0.19,8.54
opt-13b,asset-test,asset-valid,3,p2,1,random,95829907.66666667,69.93,5.22,58.69,52.42,38.78,8.03,80.33,79.86,79.08,81.73,73.97,77.76,99.9,115.6,60.51,15.46,90.6,98.49,37.65,81.88,0.96,1.2,0.83,0.14,0.14,0.22,8.51
llama-30b,asset-test,asset-valid,3,p0,1,random,95829907.66666667,73.59,5.7,59.31,52.43,39.15,7.22,79.75,80.31,78.94,80.35,73.67,76.91,106.4,137.23,62.34,15.72,90.68,98.52,37.82,82.64,0.9,1.19,0.81,0.15,0.14,0.23,8.49
llama-30b,asset-test,asset-valid,3,p2,1,random,95829907.66666667,68.86,5.56,59.08,52.77,39.14,7.32,79.51,80.26,78.74,79.91,73.07,76.39,106.03,138.82,62.73,14.96,90.82,98.73,35.94,78.92,0.98,1.3,0.81,0.14,0.15,0.23,8.49
flan-t5-large,asset-test,asset-valid,3,p1,1,random,95829907.66666667,77.51,5.12,58.4,57.84,40.45,7.09,82.6,77.45,78.66,82.04,67.99,74.87,126.62,150.35,62.8,15.81,92.37,98.91,41.41,87.25,0.78,1.14,0.79,0.09,0.09,0.3,8.52
flan-t5-base,asset-test,asset-valid,3,p1,1,random,95829907.66666667,79.24,3.37,58.58,48.73,36.89,8.38,80.61,78.72,78.6,82.16,73.22,77.61,130.37,172.25,58.09,17.51,92.42,98.94,40.79,87.06,0.85,1.05,0.83,0.16,0.09,0.23,8.55
openai-text-ada-001,asset-test,asset-valid,3,p0,1,random,163095907.66666666,76.54,3.2,59.36,45.79,36.11,8.7,78.59,79.84,78.22,81.52,75.9,78.64,235.25,1992.11,55.36,19.39,91.09,98.69,39.4,85.77,0.92,1.06,0.85,0.21,0.12,0.2,8.46
flan-t5-xl,news-manual-all-test,news-manual-all-val,3,p0,1,random,95829907.66666667,68.48,2.5,66.25,35.58,34.78,8.41,81.5,75.67,78.2,89.94,80.75,85.27,90.78,94.8,63.42,12.83,92.94,99.51,32.79,83.05,0.87,1.04,0.88,0.25,0.05,0.18,8.63
opt-30b,asset-test,asset-valid,3,p0,1,random,95829907.66666667,73.13,4.79,58.56,49.72,37.69,8.09,78.78,78.92,77.86,80.48,73.65,76.99,97.91,112.76,59.78,16.62,90.35,98.52,38.49,84.03,0.93,1.14,0.83,0.17,0.14,0.22,8.51
bloom-7b1,asset-test,asset-valid,3,p2,1,random,95829907.66666667,62.64,4.26,58.91,47.71,36.96,8.17,77.16,80.41,77.82,79.7,77.21,78.37,97.98,136.88,57.37,16.33,89.22,97.89,35.54,77.95,1.14,1.36,0.83,0.14,0.16,0.17,8.54
bloom-7b1,asset-test,asset-valid,3,p0,1,random,95829907.66666667,66.55,4.17,58.34,48.64,37.05,8.06,77.48,79.54,77.55,79.95,76.02,77.9,100.08,133.62,57.12,16.89,89.85,98.22,37.58,82.53,1.03,1.24,0.83,0.14,0.16,0.19,8.52
opt-66b,asset-test,asset-valid,3,p0,1,random,95829907.66666667,71.65,5.2,57.63,55.15,39.32,7.64,79.18,77.56,77.26,79.79,70.12,74.86,107.37,181.01,61.55,16.11,91.46,98.91,39.06,84.91,0.86,1.12,0.8,0.1,0.14,0.26,8.49
flan-t5-small,asset-test,asset-valid,3,p2,1,random,95829907.66666667,72.77,3.94,57.48,54.3,38.57,7.58,79.44,77.28,77.26,80.3,70.09,75.11,126.65,150.43,54.8,19.93,91.75,98.75,40.17,86.18,0.85,1.17,0.83,0.12,0.12,0.26,8.53
opt-30b,asset-test,asset-valid,3,p2,1,random,95829907.66666667,68.2,4.97,58.34,50.82,38.04,8.17,77.98,78.51,77.22,79.43,72.87,76.08,94.7,112.83,60.01,16.34,90.1,98.49,36.89,80.65,0.99,1.21,0.81,0.14,0.16,0.22,8.52
flan-t5-xxl,news-manual-all-test,news-manual-all-val,3,p0,1,random,95829907.66666667,66.78,3.19,66.12,39.0,36.11,8.54,80.11,74.87,77.09,87.89,79.45,83.61,85.85,81.94,64.66,12.03,92.76,99.49,32.66,82.92,0.88,1.04,0.87,0.25,0.08,0.19,8.63
opt-66b,asset-test,asset-valid,3,p2,1,random,95829907.66666667,66.19,5.35,57.77,55.81,39.64,7.76,78.25,77.41,76.72,78.72,70.06,74.3,99.16,110.55,61.68,15.36,91.23,98.88,37.36,80.98,0.94,1.2,0.79,0.08,0.16,0.26,8.51
bloomz-1b1,asset-test,asset-valid,3,p2,1,random,95829907.66666667,71.06,2.28,57.91,44.81,35.0,8.42,77.95,77.58,76.66,81.91,74.69,78.22,128.42,211.26,54.86,18.28,91.3,98.6,37.29,79.53,0.99,1.18,0.84,0.35,0.11,0.2,8.53
bloom,asset-test,asset-valid,3,p2,1,random,95829907.66666667,62.77,5.71,58.53,54.93,39.72,7.78,76.81,78.5,76.63,77.33,72.36,74.79,100.16,121.68,60.37,15.13,90.33,98.7,36.47,79.38,1.03,1.3,0.79,0.03,0.18,0.23,8.54
opt-6.7b,asset-test,asset-valid,3,p2,1,random,95829907.66666667,66.63,4.16,57.57,54.19,38.64,7.79,78.3,77.18,76.62,79.52,69.86,74.57,103.75,120.76,61.26,15.5,91.27,98.73,37.49,79.96,0.94,1.21,0.8,0.16,0.14,0.25,8.54
flan-t5-base,asset-test,asset-valid,3,p0,1,random,95829907.66666667,76.51,3.94,56.64,55.87,38.82,7.57,80.54,74.98,76.53,80.35,65.92,72.97,131.55,184.18,60.63,17.52,92.97,98.85,41.67,87.64,0.78,1.06,0.78,0.11,0.09,0.3,8.53
gpt-j-6b,asset-test,asset-valid,3,p2,1,random,95829907.66666667,64.81,4.79,57.43,54.35,38.86,7.83,77.84,77.4,76.48,78.67,69.78,74.14,102.59,138.61,60.13,15.88,90.82,98.6,36.55,79.58,0.97,1.24,0.8,0.09,0.15,0.25,8.5
flan-t5-xl,news-manual-all-test,news-manual-all-val,3,p1,1,random,95829907.66666667,65.49,2.34,64.91,37.66,34.97,8.47,79.29,73.88,76.18,87.35,78.57,82.88,108.74,144.52,60.56,13.99,93.03,99.57,33.11,82.96,0.87,1.04,0.87,0.16,0.07,0.2,8.67
llama-13b,asset-test,asset-valid,3,p2,1,random,95829907.66666667,65.29,5.61,57.23,58.49,40.45,7.33,78.41,76.21,76.13,77.59,67.09,72.21,113.22,144.84,62.95,14.89,91.84,98.89,37.09,79.78,0.92,1.24,0.77,0.09,0.15,0.29,8.51
bloomz-1b1,asset-test,asset-valid,3,p0,1,random,95829907.66666667,75.24,2.37,57.58,45.98,35.31,8.22,77.59,76.82,76.08,81.28,73.59,77.33,123.69,149.06,54.28,18.9,91.19,98.4,39.47,83.99,0.91,1.1,0.83,0.32,0.11,0.22,8.51
bloom,asset-test,asset-valid,3,p0,1,random,95829907.66666667,66.99,5.55,57.49,55.82,39.62,7.45,76.8,77.2,75.91,76.76,69.67,73.13,114.08,201.56,59.94,16.75,90.88,98.75,38.88,84.23,0.92,1.22,0.78,0.03,0.16,0.26,8.52
llama-13b,asset-test,asset-valid,3,p0,1,random,95829907.66666667,69.83,5.9,57.22,59.01,40.71,6.97,78.16,75.99,75.89,76.92,66.4,71.53,123.29,224.09,62.43,16.54,91.49,98.64,38.89,83.89,0.84,1.16,0.77,0.1,0.15,0.3,8.5
bloomz-3b,asset-test,asset-valid,3,p2,1,random,95829907.66666667,67.67,3.02,57.48,46.72,35.74,8.73,76.18,77.6,75.86,79.5,74.56,76.99,106.22,148.2,56.78,16.61,90.68,98.52,36.84,79.58,1.01,1.16,0.83,0.25,0.14,0.2,8.53
gpt-neox-20b,asset-test,asset-valid,3,p2,1,random,95829907.66666667,64.1,4.69,56.95,55.48,39.04,8.04,77.55,76.53,75.81,78.22,68.97,73.49,100.84,112.37,60.87,14.84,91.33,98.92,37.21,79.75,0.97,1.21,0.78,0.08,0.15,0.25,8.5
gpt-neox-20b,asset-test,asset-valid,3,p0,1,random,95829907.66666667,68.84,4.7,57.2,55.13,39.01,7.88,77.62,76.29,75.74,78.31,68.79,73.45,104.3,132.74,59.87,16.24,91.12,98.8,38.96,84.07,0.89,1.13,0.79,0.09,0.15,0.26,8.49
opt-1.3b,asset-test,asset-valid,3,p0,1,random,95829907.66666667,72.02,1.82,57.33,40.11,33.08,8.73,75.75,77.42,75.66,80.48,76.0,78.16,103.51,141.52,56.39,16.55,90.33,98.22,38.2,82.91,0.98,1.12,0.84,0.49,0.13,0.19,8.52
opt-1.3b,asset-test,asset-valid,3,p2,1,random,95829907.66666667,67.47,1.86,57.22,39.95,33.01,8.61,75.36,77.55,75.57,80.02,76.28,78.08,100.2,132.32,57.08,15.47,90.41,98.32,36.36,78.63,1.07,1.22,0.84,0.47,0.14,0.18,8.55
llama-7b,asset-test,asset-valid,3,p2,1,random,95829907.66666667,61.54,5.92,56.98,59.2,40.7,7.39,77.12,76.38,75.52,76.38,67.26,71.68,108.33,147.2,62.8,15.38,91.24,98.37,35.91,78.0,0.95,1.24,0.77,0.05,0.17,0.28,8.5
flan-t5-xl,news-manual-all-test,news-manual-all-val,3,p2,1,random,95829907.66666667,62.47,4.88,64.55,43.1,37.51,7.25,78.06,73.7,75.5,85.27,77.78,81.49,92.37,98.29,64.39,13.42,91.83,99.33,31.48,81.95,0.89,1.25,0.85,0.11,0.12,0.21,8.6
opt-6.7b,asset-test,asset-valid,3,p0,1,random,95829907.66666667,68.23,4.32,56.21,54.59,38.37,7.55,77.04,75.88,75.32,78.02,68.5,73.15,106.48,129.9,59.84,16.28,91.09,98.6,38.66,84.12,0.88,1.15,0.79,0.15,0.15,0.27,8.51
bloomz-3b,asset-test,asset-valid,3,p0,1,random,95829907.66666667,72.96,3.03,57.13,48.46,36.2,8.64,76.29,76.39,75.31,79.21,72.75,75.92,106.41,122.36,57.09,16.22,92.0,99.1,39.41,84.64,0.91,1.04,0.82,0.27,0.14,0.23,8.5
llama-7b,asset-test,asset-valid,3,p0,1,random,95829907.66666667,67.9,5.57,56.29,57.98,39.95,7.16,76.88,75.56,75.06,76.44,66.36,71.29,111.17,192.1,61.81,16.31,91.62,98.95,38.93,84.33,0.85,1.16,0.77,0.07,0.16,0.3,8.5
gpt-j-6b,asset-test,asset-valid,3,p0,1,random,95829907.66666667,68.05,4.8,56.51,55.94,39.08,7.61,76.99,75.51,75.04,77.56,67.43,72.4,107.38,143.91,59.31,17.26,91.2,98.82,38.65,84.23,0.87,1.14,0.78,0.09,0.16,0.28,8.47
flan-ul2,news-manual-all-test,news-manual-all-val,3,p1,1,random,95829907.66666667,63.92,4.09,65.36,46.3,38.58,7.3,78.45,71.8,74.67,84.58,74.52,79.45,98.6,117.36,64.46,12.59,92.82,99.49,32.74,82.81,0.85,1.13,0.84,0.12,0.09,0.23,8.63
flan-ul2,news-manual-all-test,news-manual-all-val,3,p0,1,random,95829907.66666667,62.68,4.37,64.5,49.27,39.38,7.1,79.75,69.6,74.15,85.66,71.52,78.44,88.91,88.11,65.99,12.15,93.5,99.51,33.15,83.53,0.81,1.12,0.82,0.14,0.08,0.26,8.6
cohere-command-light,asset-test,asset-valid,3,p1,1,random,489.0,67.5,5.47,57.23,56.76,39.82,8.04,74.62,75.35,73.79,74.52,67.33,70.84,174.4,507.48,54.01,20.1,91.28,98.82,39.85,86.06,0.88,1.11,0.78,0.06,0.17,0.28,8.45
openai-text-davinci-002,news-manual-all-test,news-manual-all-val,3,p0,1,random,95829907.66666667,58.5,5.77,63.5,49.11,39.46,7.64,76.62,71.95,73.73,82.21,73.88,77.98,77.26,69.3,67.98,10.65,92.43,99.46,30.54,81.04,0.88,1.15,0.8,0.14,0.14,0.24,8.56
openai-text-davinci-002,news-manual-all-test,news-manual-all-val,3,p2,1,random,95829907.66666667,57.66,6.83,64.12,49.8,40.25,7.46,75.14,72.97,73.62,80.35,75.23,77.77,70.82,61.4,68.58,10.07,91.82,99.42,29.16,80.12,0.94,1.25,0.8,0.11,0.18,0.23,8.51
flan-t5-xxl,news-manual-all-test,news-manual-all-val,3,p1,1,random,95829907.66666667,62.42,3.36,63.99,42.85,36.73,8.27,76.31,71.35,73.36,83.66,75.36,79.43,93.84,87.54,62.46,13.34,92.97,99.55,32.81,82.49,0.87,1.04,0.84,0.14,0.11,0.23,8.65
opt-iml-max-1.3b,asset-test,asset-valid,3,p1,1,random,95829907.66666667,77.56,2.02,59.24,36.39,32.55,8.15,70.4,77.7,73.27,74.74,77.82,76.25,131.97,139.92,49.09,14.8,91.53,99.04,38.42,82.09,0.96,1.09,0.9,0.01,0.14,0.16,8.57
flan-ul2,news-manual-all-test,news-manual-all-val,3,p2,1,random,95829907.66666667,57.5,6.25,63.34,51.22,40.27,6.86,76.51,70.65,73.23,81.86,72.84,77.3,92.93,101.55,66.42,12.07,91.9,99.41,31.43,82.08,0.87,1.29,0.81,0.04,0.14,0.26,8.57
openai-text-davinci-002,asset-test,asset-valid,3,p1,1,random,163095907.66666666,73.89,7.86,61.12,57.61,42.2,7.29,70.35,77.85,73.2,69.77,70.59,70.17,132.1,138.69,56.6,13.94,92.31,99.07,37.74,81.72,0.91,1.11,0.81,0.0,0.2,0.26,8.5
flan-t5-xxl,news-manual-all-test,news-manual-all-val,3,p2,1,random,95829907.66666667,56.88,5.45,63.11,49.69,39.42,7.32,76.13,70.72,73.05,81.94,73.46,77.66,88.91,83.43,65.13,12.78,92.06,99.42,31.34,82.4,0.87,1.22,0.82,0.08,0.14,0.26,8.59
flan-t5-small,news-manual-all-test,news-manual-all-val,3,p0,1,random,95829907.66666667,60.64,2.07,62.46,42.66,35.73,8.37,75.81,69.61,72.33,83.99,74.43,79.13,101.6,110.55,57.39,18.07,93.02,99.46,33.66,83.91,0.86,1.03,0.85,0.23,0.08,0.22,8.63
bloom-3b,asset-test,asset-valid,3,p2,1,random,95829907.66666667,52.68,3.87,57.66,49.91,37.15,7.92,70.05,76.79,72.28,72.46,72.6,72.39,94.47,150.91,54.34,17.63,87.63,97.31,33.61,76.43,1.25,1.56,0.78,0.16,0.22,0.19,8.53
bloomz-3b,asset-test,asset-valid,3,p1,1,random,95829907.66666667,72.73,2.74,58.38,42.41,34.51,8.55,68.79,75.76,71.4,72.26,74.77,73.5,140.99,263.84,48.77,15.36,91.64,99.1,38.29,81.74,0.97,1.04,0.87,0.05,0.17,0.19,8.56
openai-text-curie-001,asset-test,asset-valid,3,p1,1,random,163095907.66666666,68.73,6.41,59.14,55.16,40.24,7.42,68.15,75.71,70.99,68.4,70.24,69.31,123.94,142.11,52.69,14.82,91.1,98.82,37.28,81.17,0.94,1.14,0.81,0.0,0.22,0.25,8.5
bloomz,asset-test,asset-valid,3,p1,1,random,95829907.66666667,66.96,5.64,58.7,52.3,38.88,7.52,67.87,75.48,70.96,69.66,73.69,71.68,127.48,160.51,50.16,14.69,90.93,99.06,37.39,80.65,0.97,1.16,0.85,0.0,0.21,0.22,8.52
bloom-3b,asset-test,asset-valid,3,p0,1,random,95829907.66666667,54.51,3.75,56.39,52.27,37.47,7.7,69.4,74.51,70.76,71.34,69.57,70.34,99.44,181.02,54.01,18.96,88.14,97.36,35.68,80.62,1.12,1.44,0.78,0.14,0.23,0.23,8.51
bloomz-7b1,asset-test,asset-valid,3,p1,1,random,95829907.66666667,67.57,4.02,58.02,48.1,36.71,8.23,67.79,75.19,70.7,70.7,74.19,72.44,124.29,128.8,49.17,14.89,91.2,98.98,37.63,81.18,0.98,1.09,0.86,0.01,0.2,0.2,8.53
opt-iml-max-30b,asset-test,asset-valid,3,p1,1,random,95829907.66666667,73.73,4.46,58.33,53.36,38.72,7.07,68.84,73.91,70.36,70.14,68.58,69.32,146.19,208.71,52.08,16.0,92.43,99.1,38.31,81.81,0.87,1.09,0.83,0.01,0.17,0.27,8.53
openai-text-ada-001,news-manual-all-test,news-manual-all-val,3,p2,1,random,95829907.66666667,61.45,2.19,63.9,37.17,34.42,8.66,70.68,70.62,70.33,78.94,76.3,77.57,104.74,245.51,55.06,19.38,90.99,98.87,31.47,81.73,0.99,1.1,0.84,0.27,0.15,0.18,8.54
flan-t5-large,news-manual-all-test,news-manual-all-val,3,p2,1,random,95829907.66666667,55.2,4.41,61.96,50.87,39.08,6.9,74.08,67.45,70.27,80.01,69.35,74.61,94.48,93.25,62.7,15.11,91.83,99.35,31.65,82.38,0.84,1.24,0.8,0.08,0.13,0.28,8.61
cohere-command-light,asset-test,asset-valid,3,p0,1,random,489.0,62.26,5.85,55.4,61.39,40.88,7.58,71.4,71.55,70.24,69.38,60.73,64.95,194.19,391.68,55.37,22.53,92.69,99.24,40.66,87.25,0.87,1.14,0.73,0.05,0.18,0.33,8.43
flan-t5-large,news-manual-all-test,news-manual-all-val,3,p0,1,random,95829907.66666667,55.96,3.32,60.02,48.58,37.31,7.28,75.92,64.48,69.62,82.21,66.02,73.93,104.43,104.24,62.53,15.35,93.76,99.42,34.13,84.51,0.77,1.07,0.79,0.13,0.08,0.32,8.61
bloomz,news-manual-all-test,news-manual-all-val,3,p2,1,random,163095907.66666666,51.7,3.99,59.23,47.96,37.06,8.41,71.24,68.65,69.55,77.58,72.22,74.86,81.0,88.32,62.07,13.52,91.93,99.45,31.89,82.28,0.94,1.14,0.8,0.1,0.19,0.26,8.59
opt-13b,asset-test,asset-valid,3,p1,1,random,95829907.66666667,69.9,3.45,57.46,48.95,36.62,7.75,66.67,73.62,69.3,68.69,69.94,69.29,137.24,151.07,49.28,15.58,91.74,98.92,38.15,81.44,0.93,1.09,0.84,0.0,0.19,0.24,8.56
openai-text-babbage-001,asset-test,asset-valid,3,p1,1,random,163095907.66666666,66.21,4.69,58.67,50.04,37.8,8.33,65.91,74.56,69.25,67.77,71.62,69.67,123.57,197.84,49.04,15.72,90.23,98.71,37.33,81.13,1.01,1.11,0.82,0.0,0.23,0.22,8.54
flan-t5-small,news-manual-all-test,news-manual-all-val,3,p1,1,random,95829907.66666667,60.0,1.89,62.29,43.46,35.88,8.15,72.42,66.85,69.2,79.71,70.56,75.06,120.95,306.62,54.41,20.32,92.55,99.1,33.43,84.09,0.9,1.07,0.83,0.21,0.11,0.24,8.61
openai-text-curie-001,news-manual-all-test,news-manual-all-val,3,p2,1,random,95829907.66666667,51.42,4.39,59.58,48.61,37.53,8.23,71.26,67.98,69.17,77.04,70.88,73.92,74.0,80.82,64.35,12.46,91.72,99.34,30.21,80.38,0.94,1.14,0.78,0.04,0.2,0.26,8.57
openai-text-curie-001,news-manual-all-test,news-manual-all-val,3,p0,1,random,95829907.66666667,52.86,4.76,60.25,48.5,37.83,8.08,71.09,67.84,68.99,76.69,70.13,73.37,68.15,56.13,65.3,11.15,92.04,99.46,30.34,80.72,0.94,1.14,0.77,0.05,0.19,0.26,8.58
openai-gpt-3.5-turbo,asset-test,asset-valid,3,p1,1,random,163095907.66666666,58.24,12.09,58.16,69.2,46.48,6.99,65.65,74.39,68.95,62.25,64.46,63.37,125.69,160.19,59.47,14.34,92.06,99.24,36.72,81.19,0.93,1.16,0.7,0.0,0.32,0.35,8.43
flan-t5-large,news-manual-all-test,news-manual-all-val,3,p1,1,random,95829907.66666667,54.4,3.55,60.49,52.41,38.82,7.03,74.98,64.15,68.93,80.61,64.77,72.53,100.26,102.33,62.74,15.2,93.79,99.53,33.53,83.7,0.77,1.11,0.78,0.08,0.1,0.33,8.61
openai-text-davinci-003,asset-test,asset-valid,3,p1,1,random,163095907.66666666,63.31,9.72,56.66,68.59,44.99,6.26,67.26,72.8,68.85,64.15,61.2,62.68,154.48,179.77,57.46,15.83,93.46,99.34,39.34,82.87,0.8,1.09,0.71,0.0,0.24,0.4,8.51
llama-65b,asset-test,asset-valid,3,p1,1,random,95829907.66666667,67.02,5.47,58.94,53.38,39.26,6.8,64.92,74.41,68.72,65.99,70.3,68.08,133.18,141.96,51.01,15.23,91.08,98.83,36.56,78.9,0.95,1.23,0.82,0.0,0.23,0.24,8.52
bloom-1b1,asset-test,asset-valid,3,p2,1,random,95829907.66666667,47.77,2.43,57.54,42.27,34.08,8.18,64.51,75.08,68.6,68.2,72.91,70.3,91.41,113.33,51.23,19.72,85.92,95.76,32.79,74.85,1.49,1.76,0.77,0.36,0.25,0.15,8.57
bloomz,news-manual-all-test,news-manual-all-val,3,p0,1,random,95829907.66666667,51.24,4.13,59.22,49.03,37.46,8.13,70.46,67.53,68.59,76.33,70.61,73.43,79.04,83.94,62.43,13.2,91.95,99.47,31.92,82.59,0.92,1.12,0.78,0.1,0.19,0.27,8.6
flan-t5-small,news-manual-all-test,news-manual-all-val,3,p2,1,random,95829907.66666667,54.26,2.83,60.35,49.97,37.72,7.61,72.13,65.22,68.15,78.48,67.78,73.05,108.88,115.37,53.61,20.1,92.65,99.22,33.26,84.0,0.84,1.12,0.81,0.11,0.12,0.28,8.63
flan-t5-base,news-manual-all-test,news-manual-all-val,3,p2,1,random,95829907.66666667,52.21,3.59,60.05,52.38,38.67,7.21,73.66,63.58,68.09,79.42,65.26,72.21,110.26,123.14,59.11,17.73,93.35,99.45,33.01,84.27,0.79,1.11,0.79,0.07,0.11,0.32,8.59
cohere-command-light,asset-test,asset-valid,3,p2,1,random,489.0,63.43,4.85,54.34,57.97,39.05,7.85,68.99,69.6,68.02,68.5,60.31,64.32,304.31,1662.23,52.0,23.56,91.96,98.97,40.7,87.41,0.85,1.07,0.74,0.09,0.18,0.33,8.5
llama-30b,asset-test,asset-valid,3,p1,1,random,95829907.66666667,66.75,5.07,57.23,54.23,38.84,6.79,65.39,72.3,67.86,65.91,66.92,66.39,138.55,164.55,51.79,15.44,91.5,98.82,37.21,79.87,0.91,1.18,0.8,0.0,0.22,0.28,8.51
llama-65b,news-manual-all-test,news-manual-all-val,3,p2,1,random,95829907.66666667,50.81,4.96,60.99,49.83,38.59,7.1,68.73,68.01,67.82,73.89,70.36,71.98,69.59,61.86,64.24,14.6,90.09,98.46,28.91,78.51,0.98,1.24,0.77,0.19,0.23,0.26,8.51
bloom-1b1,asset-test,asset-valid,3,p0,1,random,95829907.66666667,50.91,2.35,56.6,44.47,34.47,8.23,64.49,73.32,67.78,67.64,70.39,68.79,100.05,151.8,50.88,19.82,86.96,96.51,34.88,79.08,1.3,1.55,0.76,0.34,0.25,0.19,8.52
bloomz-1b1,asset-test,asset-valid,3,p1,1,random,95829907.66666667,69.11,2.43,57.46,44.77,34.89,8.2,64.87,72.21,67.64,68.1,70.53,69.3,130.82,154.7,45.86,16.21,91.29,98.91,37.93,81.69,0.97,1.08,0.84,0.02,0.2,0.22,8.56
bloom-7b1,asset-test,asset-valid,3,p1,1,random,95829907.66666667,64.97,3.89,57.23,51.04,37.39,7.47,64.75,72.18,67.55,66.42,68.47,67.42,129.17,133.23,48.29,16.32,90.97,98.71,37.34,80.13,0.98,1.17,0.82,0.0,0.22,0.25,8.54
llama-13b,asset-test,asset-valid,3,p1,1,random,95829907.66666667,66.5,5.3,56.76,57.57,39.88,6.68,65.65,71.32,67.42,65.8,64.75,65.25,141.55,163.6,51.76,16.17,91.84,99.05,38.07,80.61,0.88,1.14,0.79,0.0,0.22,0.3,8.52
opt-iml-max-1.3b,news-manual-all-test,news-manual-all-val,3,p1,1,random,95829907.66666667,63.2,1.53,64.36,34.09,33.33,8.0,65.62,69.62,67.34,73.08,75.36,74.17,100.04,99.24,51.58,14.12,90.81,99.29,31.21,79.65,1.03,1.15,0.86,0.01,0.17,0.18,8.65
flan-t5-base,news-manual-all-test,news-manual-all-val,3,p1,1,random,95829907.66666667,58.05,2.54,61.51,44.46,36.17,8.14,70.91,64.51,67.28,77.82,67.65,72.64,103.84,97.06,55.73,18.8,92.99,99.15,33.45,83.58,0.85,1.03,0.81,0.11,0.11,0.27,8.64
bloom,asset-test,asset-valid,3,p1,1,random,95829907.66666667,64.78,4.79,57.09,54.77,38.88,6.87,64.38,71.55,67.04,65.31,66.37,65.81,138.63,147.81,49.54,16.48,91.31,98.92,37.63,80.39,0.94,1.2,0.79,0.0,0.22,0.27,8.56
opt-6.7b,asset-test,asset-valid,3,p1,1,random,95829907.66666667,65.57,3.4,56.36,51.59,37.12,7.34,64.42,71.24,66.89,66.11,66.72,66.38,132.87,143.13,49.19,16.18,91.45,98.75,37.6,80.21,0.93,1.15,0.82,0.0,0.21,0.27,8.55
bloom-560m,asset-test,asset-valid,3,p1,1,random,95829907.66666667,67.6,1.37,57.55,37.82,32.25,8.47,63.0,72.28,66.87,66.79,71.76,69.23,132.16,137.72,44.87,16.01,90.69,98.64,37.07,80.43,1.05,1.11,0.85,0.0,0.2,0.19,8.58
opt-66b,asset-test,asset-valid,3,p1,1,random,95829907.66666667,66.61,3.77,56.19,54.01,37.99,7.26,64.59,70.71,66.67,65.73,64.96,65.32,142.67,152.93,49.84,15.94,92.37,99.24,38.47,81.48,0.88,1.09,0.8,0.0,0.2,0.29,8.54
opt-1.3b,asset-test,asset-valid,3,p1,1,random,95829907.66666667,65.53,1.98,56.6,39.64,32.74,8.35,62.61,72.28,66.63,66.05,71.47,68.72,122.58,125.65,45.59,15.57,90.23,98.59,36.58,79.93,1.07,1.15,0.84,0.0,0.22,0.2,8.57
opt-iml-max-30b,news-manual-all-test,news-manual-all-val,3,p2,1,random,95829907.66666667,47.51,4.88,57.79,56.11,39.59,6.09,71.09,62.98,66.39,75.5,63.44,69.35,95.63,109.74,64.74,14.79,92.67,99.38,31.56,82.64,0.82,1.22,0.74,0.1,0.18,0.35,8.51
opt-30b,asset-test,asset-valid,3,p1,1,random,95829907.66666667,65.34,3.67,55.58,53.9,37.71,7.46,63.81,69.54,65.71,64.81,64.29,64.52,137.23,149.32,49.67,16.17,92.19,99.08,37.86,80.8,0.89,1.07,0.79,0.0,0.21,0.29,8.55
bloom-1b1,asset-test,asset-valid,3,p1,1,random,95829907.66666667,65.84,1.87,56.83,42.58,33.76,8.24,62.05,70.76,65.64,65.03,68.84,66.9,143.23,182.34,45.28,16.25,91.09,98.76,37.39,80.13,1.02,1.1,0.83,0.0,0.21,0.22,8.54
opt-iml-max-30b,news-manual-all-test,news-manual-all-val,3,p0,1,random,95829907.66666667,49.89,3.57,57.43,51.88,37.63,6.91,71.09,61.18,65.55,76.33,62.24,69.11,95.95,135.2,64.65,13.84,93.18,99.36,32.82,83.69,0.81,1.11,0.74,0.12,0.15,0.35,8.54
llama-65b,news-manual-all-test,news-manual-all-val,3,p0,1,random,95829907.66666667,49.52,4.78,59.53,50.42,38.24,6.65,66.33,65.95,65.48,71.2,67.84,69.31,73.07,73.47,63.77,15.23,89.77,98.04,28.94,77.73,0.98,1.28,0.76,0.19,0.24,0.28,8.53
opt-iml-max-1.3b,news-manual-all-test,news-manual-all-val,3,p0,1,random,95829907.66666667,57.66,1.59,59.99,41.96,34.51,8.3,68.17,63.0,65.18,75.08,66.38,70.62,84.46,83.35,60.99,15.19,92.56,99.14,33.69,84.02,0.92,1.05,0.78,0.35,0.15,0.28,8.6
openai-text-davinci-002,news-manual-all-test,news-manual-all-val,3,p1,1,random,95829907.66666667,54.86,5.49,61.26,48.97,38.57,6.87,64.19,66.91,65.14,68.86,68.58,68.71,101.04,86.49,57.89,12.67,91.91,99.43,29.54,77.81,0.93,1.23,0.78,0.0,0.23,0.28,8.56
openai-text-ada-001,asset-test,asset-valid,3,p1,1,random,163095907.66666666,62.19,3.82,57.92,48.99,36.91,7.74,60.67,71.22,65.02,62.68,67.97,65.28,167.25,252.91,41.78,19.69,88.68,97.52,36.22,79.71,1.05,1.2,0.81,0.0,0.25,0.22,8.49
bloom-3b,asset-test,asset-valid,3,p1,1,random,95829907.66666667,63.41,3.47,55.18,51.37,36.67,7.42,62.46,69.18,64.93,63.96,65.16,64.53,135.32,154.71,46.6,16.27,90.88,98.78,37.34,80.2,0.94,1.15,0.8,0.0,0.23,0.27,8.51
gpt-j-6b,asset-test,asset-valid,3,p1,1,random,95829907.66666667,62.11,4.06,55.54,55.14,38.25,7.25,62.77,69.21,64.93,63.97,63.73,63.83,150.37,286.32,48.07,17.33,91.16,98.66,37.25,79.94,0.91,1.14,0.78,0.0,0.23,0.29,8.52
gpt-neox-20b,asset-test,asset-valid,3,p1,1,random,95829907.66666667,60.68,4.67,54.11,58.51,39.1,6.93,62.64,68.14,64.25,62.81,60.99,61.88,136.6,165.57,50.27,16.19,91.97,98.95,37.82,80.27,0.88,1.12,0.76,0.0,0.23,0.33,8.54
llama-7b,asset-test,asset-valid,3,p1,1,random,95829907.66666667,60.91,5.27,53.84,59.31,39.47,6.41,62.24,67.87,63.95,62.09,60.43,61.24,159.11,356.54,50.32,16.78,92.03,98.98,37.7,80.35,0.86,1.17,0.75,0.0,0.24,0.34,8.53
llama-30b,news-manual-all-test,news-manual-all-val,3,p2,1,random,95829907.66666667,47.14,4.93,56.85,50.71,37.5,6.75,65.32,63.42,63.89,70.12,64.8,67.37,68.95,63.7,64.3,13.4,90.54,98.76,29.33,79.91,0.93,1.28,0.73,0.14,0.26,0.32,8.51
llama-30b,news-manual-all-test,news-manual-all-val,3,p0,1,random,95829907.66666667,46.98,5.06,57.12,51.53,37.9,6.77,65.32,63.13,63.71,69.64,63.91,66.69,68.71,69.3,64.81,13.11,90.48,98.79,29.36,79.75,0.95,1.28,0.73,0.14,0.26,0.32,8.49
bloomz,news-manual-all-test,news-manual-all-val,3,p1,1,random,95829907.66666667,46.64,4.08,56.5,49.65,36.74,7.44,62.03,64.83,63.15,67.45,68.14,67.79,105.04,123.29,52.69,14.87,91.45,99.53,31.34,79.51,0.94,1.19,0.79,0.0,0.25,0.29,8.63
openai-text-babbage-001,news-manual-all-test,news-manual-all-val,3,p2,1,random,95829907.66666667,46.73,3.71,55.85,49.65,36.41,8.32,65.65,61.25,62.99,70.89,63.32,67.05,77.79,88.45,60.91,14.95,91.48,99.06,30.7,81.05,0.93,1.11,0.74,0.05,0.23,0.32,8.55
openai-text-ada-001,news-manual-all-test,news-manual-all-val,3,p0,1,random,95829907.66666667,54.16,2.24,60.01,42.79,35.01,8.75,63.11,63.21,62.73,69.97,66.68,68.26,172.96,1062.34,52.29,20.92,91.08,98.47,31.43,81.54,1.0,1.07,0.78,0.2,0.2,0.26,8.51
opt-iml-max-1.3b,news-manual-all-test,news-manual-all-val,3,p2,1,random,95829907.66666667,53.31,2.11,58.95,50.16,37.08,7.32,66.95,59.39,62.68,72.08,60.72,66.25,88.38,107.23,60.47,15.89,92.82,99.23,33.19,83.95,0.87,1.06,0.74,0.2,0.17,0.33,8.51
bloomz-3b,news-manual-all-test,news-manual-all-val,3,p1,1,random,95829907.66666667,53.64,2.22,59.71,44.36,35.43,8.02,61.09,63.38,61.93,67.05,67.15,67.09,103.09,94.8,50.17,16.13,91.61,99.33,31.95,80.53,0.96,1.08,0.8,0.03,0.22,0.27,8.66
opt-30b,news-manual-all-test,news-manual-all-val,3,p2,1,random,95829907.66666667,45.5,3.79,55.89,53.07,37.58,7.75,64.38,60.29,61.79,68.61,61.06,64.76,70.61,64.73,61.91,14.72,91.47,98.96,31.38,81.99,0.94,1.19,0.72,0.11,0.25,0.34,8.6
openai-gpt-3.5-turbo,news-manual-all-test,news-manual-all-val,3,p0,1,random,95829907.66666667,33.2,7.31,48.31,60.05,38.55,7.58,64.88,59.88,61.7,67.81,58.82,63.29,78.81,68.23,68.25,10.69,93.02,99.62,30.24,81.72,0.88,1.17,0.64,0.01,0.29,0.42,8.52
openai-text-babbage-001,news-manual-all-test,news-manual-all-val,3,p0,1,random,95829907.66666667,45.33,3.63,54.65,50.2,36.16,8.23,64.95,59.24,61.59,70.41,60.9,65.58,80.82,157.17,62.69,13.17,91.97,99.1,31.04,81.81,0.9,1.08,0.72,0.05,0.22,0.34,8.55
openai-text-davinci-003,news-manual-all-test,news-manual-all-val,3,p2,1,random,95829907.66666667,31.41,6.38,47.51,59.39,37.76,7.75,64.43,59.78,61.56,67.33,59.24,63.28,72.21,60.93,66.2,11.24,92.54,99.65,30.5,81.26,0.89,1.13,0.64,0.0,0.31,0.42,8.51
bloomz-560m,asset-test,asset-valid,3,p1,1,random,95829907.66666667,57.18,1.93,55.52,46.33,34.59,8.56,57.64,67.22,61.44,60.49,65.17,62.8,130.64,148.11,40.82,18.67,89.47,97.78,35.31,78.06,1.11,1.14,0.79,0.02,0.27,0.23,8.55
opt-13b,news-manual-all-test,news-manual-all-val,3,p0,1,random,95829907.66666667,43.77,3.83,54.56,52.42,36.94,7.24,64.24,59.58,61.36,68.8,60.35,64.48,72.38,68.03,60.39,16.14,90.42,98.79,30.96,81.47,0.99,1.25,0.72,0.09,0.24,0.33,8.55
bloomz-7b1,news-manual-all-test,news-manual-all-val,3,p1,1,random,95829907.66666667,47.58,3.12,56.63,47.11,35.62,8.09,59.93,63.4,61.36,65.54,66.99,66.26,96.63,90.21,50.4,15.17,91.39,99.33,31.42,80.54,0.98,1.14,0.78,0.01,0.26,0.28,8.62
flan-t5-base,news-manual-all-test,news-manual-all-val,3,p0,1,random,95829907.66666667,46.14,2.62,55.87,53.64,37.38,6.97,68.26,55.6,61.23,73.57,55.86,64.53,108.89,116.6,59.37,17.02,94.19,99.42,34.4,84.83,0.73,1.06,0.73,0.08,0.12,0.39,8.58
bloom,news-manual-all-test,news-manual-all-val,3,p2,1,random,163095907.66666666,41.9,4.4,54.7,53.34,37.48,7.49,62.73,60.57,61.17,67.01,61.64,64.27,75.44,78.14,60.98,14.23,90.55,98.87,30.46,81.34,1.01,1.3,0.71,0.02,0.28,0.33,8.57
opt-30b,news-manual-all-test,news-manual-all-val,3,p0,1,random,95829907.66666667,45.64,3.4,55.79,51.94,37.04,7.96,63.03,59.94,61.0,67.52,61.1,64.23,71.92,78.16,61.44,14.5,91.21,99.05,31.21,82.02,0.99,1.18,0.72,0.13,0.25,0.33,8.59
bloom-7b1,news-manual-all-test,news-manual-all-val,3,p2,1,random,95829907.66666667,39.07,2.97,57.48,47.9,36.12,7.96,60.37,62.65,61.0,66.09,65.78,65.83,77.61,99.89,54.16,18.18,87.99,97.74,29.45,79.1,1.27,1.52,0.73,0.12,0.29,0.25,8.56
openai-text-davinci-003,news-manual-all-test,news-manual-all-val,3,p0,1,random,95829907.66666667,32.51,6.44,47.13,59.94,37.84,7.03,65.64,57.62,60.94,68.22,55.92,62.01,89.09,74.74,67.38,11.86,93.62,99.66,31.76,82.62,0.8,1.13,0.64,0.0,0.25,0.45,8.54
opt-13b,news-manual-all-test,news-manual-all-val,3,p2,1,random,95829907.66666667,42.77,4.19,54.74,54.09,37.67,7.16,63.69,58.8,60.65,67.65,59.11,63.29,71.6,67.73,61.31,15.43,90.57,98.8,30.94,81.88,0.97,1.26,0.7,0.08,0.26,0.35,8.57
opt-66b,news-manual-all-test,news-manual-all-val,3,p0,1,random,95829907.66666667,40.78,4.21,52.09,55.03,37.11,7.12,64.51,57.6,60.46,68.15,57.21,62.57,79.64,84.39,63.08,13.89,91.79,99.22,31.28,82.64,0.87,1.17,0.7,0.06,0.24,0.39,8.52
opt-66b,news-manual-all-test,news-manual-all-val,3,p2,1,random,95829907.66666667,40.96,4.03,52.76,55.58,37.45,7.25,63.83,58.11,60.43,67.44,57.53,62.4,74.83,66.26,62.98,14.05,91.48,99.07,31.04,82.31,0.89,1.17,0.69,0.05,0.26,0.38,8.51
bloom,news-manual-all-test,news-manual-all-val,3,p0,1,random,95829907.66666667,42.43,4.26,53.91,53.46,37.21,7.17,62.38,59.23,60.3,66.33,59.7,62.94,79.06,76.01,60.87,15.3,90.97,99.01,31.0,81.82,0.98,1.3,0.7,0.02,0.27,0.35,8.58
openai-gpt-3.5-turbo,news-manual-all-test,news-manual-all-val,3,p2,1,random,95829907.66666667,28.14,7.21,43.92,60.74,37.29,7.8,63.24,58.41,60.19,65.92,57.41,61.65,75.27,65.2,67.97,10.56,93.4,99.61,29.73,81.73,0.89,1.13,0.62,0.0,0.33,0.45,8.47
openai-text-curie-001,news-manual-all-test,news-manual-all-val,3,p1,1,random,95829907.66666667,46.87,4.64,56.67,50.77,37.36,7.03,59.44,61.48,60.01,64.05,63.2,63.62,92.93,84.77,55.92,15.27,90.91,99.2,29.2,77.08,0.96,1.24,0.74,0.0,0.28,0.31,8.56
opt-iml-max-30b,news-manual-all-test,news-manual-all-val,3,p1,1,random,95829907.66666667,48.42,3.11,56.89,52.27,37.42,6.51,60.67,59.87,59.84,64.65,60.81,62.68,120.76,158.88,54.29,15.11,92.26,99.37,31.11,79.42,0.86,1.14,0.75,0.0,0.23,0.34,8.54
llama-13b,news-manual-all-test,news-manual-all-val,3,p2,1,random,95829907.66666667,42.39,3.96,53.23,54.29,37.16,6.42,63.15,57.36,59.61,66.83,57.42,61.96,91.11,121.41,63.32,15.11,92.1,98.69,30.77,80.25,0.85,1.18,0.69,0.11,0.23,0.39,8.52
gpt-j-6b,news-manual-all-test,news-manual-all-val,3,p2,1,random,95829907.66666667,42.95,3.71,53.71,52.98,36.8,7.47,62.52,57.74,59.59,67.13,58.64,62.82,78.94,76.81,58.98,16.3,91.35,98.98,31.4,82.04,0.91,1.19,0.71,0.08,0.25,0.36,8.58
bloomz-7b1,news-manual-all-test,news-manual-all-val,3,p2,1,random,95829907.66666667,44.49,2.96,54.58,51.1,36.21,8.29,61.74,58.24,59.53,67.05,60.03,63.5,79.75,85.24,59.36,14.74,92.3,99.43,32.55,83.24,0.92,1.06,0.72,0.15,0.25,0.35,8.55
llama-65b,news-manual-all-test,news-manual-all-val,3,p1,1,random,95829907.66666667,46.12,4.52,57.39,51.28,37.73,6.25,57.41,62.16,59.31,60.97,63.1,61.94,95.44,92.98,54.89,14.71,90.15,98.65,28.83,76.3,0.99,1.33,0.74,0.0,0.31,0.32,8.53
bloom-7b1,news-manual-all-test,news-manual-all-val,3,p0,1,random,95829907.66666667,38.6,2.97,55.68,49.93,36.19,8.04,58.67,60.1,58.88,63.71,62.33,62.94,77.81,92.87,54.76,17.28,88.5,97.98,29.96,80.07,1.21,1.43,0.72,0.11,0.3,0.28,8.59
opt-6.7b,news-manual-all-test,news-manual-all-val,3,p2,1,random,95829907.66666667,40.69,3.35,52.46,53.93,36.58,7.76,62.37,55.97,58.68,66.83,56.62,61.62,90.83,170.83,60.28,14.72,91.91,99.05,32.7,83.22,0.92,1.14,0.69,0.1,0.25,0.38,8.58
opt-6.7b,news-manual-all-test,news-manual-all-val,3,p1,1,random,95829907.66666667,48.27,2.53,57.22,46.83,35.53,7.6,57.35,60.37,58.52,62.57,63.08,62.8,103.86,131.67,50.76,14.74,90.61,99.21,31.23,79.49,1.0,1.19,0.76,0.0,0.27,0.3,8.63
gpt-neox-20b,news-manual-all-test,news-manual-all-val,3,p0,1,random,95829907.66666667,39.45,3.79,51.79,55.48,37.02,7.3,60.45,55.83,57.54,64.0,55.46,59.64,77.19,74.94,60.58,14.94,91.35,99.13,31.77,82.26,0.94,1.2,0.68,0.07,0.26,0.38,8.56
llama-13b,news-manual-all-test,news-manual-all-val,3,p0,1,random,95829907.66666667,39.18,4.32,50.94,55.65,36.97,6.28,60.93,54.93,57.24,64.24,54.56,59.2,89.8,122.72,63.32,16.06,92.01,98.49,30.65,79.85,0.85,1.18,0.67,0.1,0.25,0.41,8.54
t0-3b,asset-test,asset-valid,3,p1,1,random,95829907.66666667,59.29,1.26,53.59,47.04,33.96,9.01,54.62,61.27,57.08,57.41,59.0,58.2,210.14,1365.56,42.86,18.34,90.27,97.1,37.12,81.73,1.05,1.08,0.78,0.13,0.26,0.29,8.53
bloomz-7b1,news-manual-all-test,news-manual-all-val,3,p0,1,random,95829907.66666667,41.94,2.61,53.09,52.31,36.0,8.31,58.64,56.33,57.02,63.52,57.46,60.45,80.29,138.21,59.03,15.17,91.98,99.41,32.51,82.92,0.95,1.05,0.7,0.13,0.28,0.36,8.54
openai-gpt-3.5-turbo,news-manual-all-test,news-manual-all-val,3,p1,1,random,95829907.66666667,31.64,6.83,47.07,60.07,37.99,7.02,57.1,57.76,56.93,59.19,56.89,58.06,91.06,78.56,62.02,13.37,93.02,99.62,29.37,78.46,0.92,1.2,0.62,0.0,0.36,0.43,8.55
gpt-neox-20b,news-manual-all-test,news-manual-all-val,3,p2,1,random,95829907.66666667,38.54,3.6,51.57,55.42,36.87,7.62,59.26,55.52,56.85,62.8,55.36,59.0,79.09,82.86,59.71,14.82,91.39,99.18,31.64,82.46,0.97,1.18,0.67,0.05,0.28,0.37,8.55
gpt-j-6b,news-manual-all-test,news-manual-all-val,3,p0,1,random,95829907.66666667,40.19,3.28,51.77,53.84,36.29,7.17,59.51,54.87,56.63,63.76,55.39,59.51,76.65,70.8,58.07,16.95,91.27,99.08,31.81,82.52,0.92,1.22,0.69,0.07,0.27,0.38,8.56
bloom,news-manual-all-test,news-manual-all-val,3,p1,1,random,95829907.66666667,44.68,3.61,54.95,51.87,36.81,6.49,55.77,58.25,56.58,59.6,59.12,59.3,100.54,93.34,51.66,16.08,90.65,99.05,30.57,78.46,1.0,1.31,0.71,0.0,0.29,0.34,8.57
opt-6.7b,news-manual-all-test,news-manual-all-val,3,p0,1,random,95829907.66666667,40.25,3.0,52.21,53.97,36.39,7.51,59.63,54.42,56.49,63.8,54.99,59.29,85.7,137.89,59.63,15.55,91.21,98.86,32.01,82.62,0.96,1.18,0.68,0.13,0.26,0.38,8.58
opt-13b,news-manual-all-test,news-manual-all-val,3,p1,1,random,95829907.66666667,45.41,2.62,54.71,49.7,35.67,7.3,56.1,57.33,56.35,60.61,58.76,59.65,99.98,106.92,51.02,15.38,91.49,99.22,31.01,79.48,0.97,1.18,0.73,0.0,0.28,0.35,8.62
bloomz-1b1,news-manual-all-test,news-manual-all-val,3,p0,1,random,95829907.66666667,46.14,1.76,54.32,49.21,35.1,7.81,58.99,54.34,56.24,64.54,56.35,60.36,91.19,88.25,53.82,19.36,92.46,99.28,32.85,84.02,0.93,1.09,0.71,0.24,0.22,0.36,8.54
openai-text-davinci-003,news-manual-all-test,news-manual-all-val,3,p1,1,random,95829907.66666667,29.26,5.82,43.46,60.38,36.55,5.89,57.5,55.08,55.76,59.44,53.17,56.31,113.67,108.75,59.06,14.06,93.75,99.63,30.51,79.17,0.8,1.18,0.63,0.0,0.32,0.5,8.54
llama-7b,news-manual-all-test,news-manual-all-val,3,p0,1,random,95829907.66666667,37.23,4.34,50.3,55.48,36.71,6.35,57.8,54.64,55.56,61.64,54.64,57.95,78.47,77.35,61.49,15.76,90.41,98.12,29.13,78.13,0.91,1.27,0.67,0.06,0.29,0.4,8.49
bloom-3b,news-manual-all-test,news-manual-all-val,3,p2,1,random,95829907.66666667,33.71,2.45,57.39,47.69,35.85,8.22,52.73,59.05,55.33,57.77,61.46,59.45,66.62,77.54,51.71,19.05,85.65,96.89,28.27,77.93,1.58,1.72,0.69,0.15,0.36,0.24,8.58
t0,asset-test,asset-valid,3,p2,1,random,95829907.66666667,53.2,2.61,52.66,54.2,36.49,8.56,54.59,58.07,55.32,55.84,52.77,54.23,194.18,669.07,48.71,22.03,90.76,94.96,38.43,84.16,1.08,1.2,0.7,0.18,0.25,0.32,8.6
bloom-7b1,news-manual-all-test,news-manual-all-val,3,p1,1,random,95829907.66666667,43.48,2.62,54.36,50.34,35.77,7.19,54.37,56.98,55.31,58.64,58.26,58.42,97.44,87.14,49.96,15.2,90.63,99.01,30.74,79.33,1.03,1.24,0.72,0.0,0.31,0.34,8.6
llama-7b,news-manual-all-test,news-manual-all-val,3,p2,1,random,95829907.66666667,35.72,4.51,49.4,56.19,36.7,6.28,57.72,54.41,55.31,61.48,54.3,57.66,74.9,74.1,62.43,15.97,90.35,97.83,28.48,77.1,0.91,1.27,0.66,0.07,0.29,0.4,8.48
openai-text-babbage-001,news-manual-all-test,news-manual-all-val,3,p1,1,random,95829907.66666667,40.99,3.05,53.18,48.65,34.96,8.13,54.14,57.19,55.27,58.79,59.48,59.12,91.51,117.16,52.04,15.68,89.96,98.86,29.52,77.54,1.07,1.18,0.71,0.0,0.33,0.33,8.56
opt-66b,news-manual-all-test,news-manual-all-val,3,p1,1,random,95829907.66666667,42.9,3.05,53.72,53.52,36.76,6.97,55.2,56.0,55.17,58.84,56.49,57.64,102.61,105.84,51.55,15.74,91.79,99.32,31.2,79.98,0.95,1.17,0.7,0.0,0.29,0.38,8.62
t0,asset-test,asset-valid,3,p0,1,random,95829907.66666667,51.26,2.55,52.71,54.25,36.5,8.55,53.6,58.4,54.99,54.64,52.69,53.59,148.75,392.66,50.97,19.58,90.88,97.49,38.44,84.16,1.12,1.24,0.7,0.2,0.28,0.31,8.57
t0-3b,asset-test,asset-valid,3,p2,1,random,95829907.66666667,50.45,1.71,53.45,50.32,35.16,8.9,52.61,59.16,54.92,54.89,54.97,54.89,121.22,359.25,50.38,19.31,89.65,97.77,37.06,82.69,1.21,1.26,0.72,0.32,0.3,0.27,8.54
llama-30b,news-manual-all-test,news-manual-all-val,3,p1,1,random,95829907.66666667,41.41,4.26,52.44,52.65,36.45,6.25,53.94,56.87,54.88,57.11,56.83,56.94,95.06,89.9,54.3,15.27,90.88,99.18,29.31,78.09,0.96,1.31,0.69,0.0,0.33,0.38,8.54
llama-13b,news-manual-all-test,news-manual-all-val,3,p1,1,random,95829907.66666667,40.71,3.83,51.96,53.9,36.56,6.29,54.79,55.23,54.49,57.92,55.16,56.53,110.56,141.23,53.23,15.58,91.22,99.25,30.39,78.87,0.9,1.25,0.69,0.0,0.3,0.39,8.54
bloomz-1b1,news-manual-all-test,news-manual-all-val,3,p2,1,random,95829907.66666667,43.03,1.69,52.54,51.43,35.22,7.47,57.42,51.77,54.19,62.23,53.1,57.58,93.58,104.37,53.05,20.45,92.5,98.94,33.45,83.02,0.87,1.09,0.69,0.24,0.23,0.39,8.53
t0-3b,asset-test,asset-valid,3,p0,1,random,95829907.66666667,53.68,1.8,52.4,51.23,35.14,8.85,52.57,57.67,54.18,54.59,53.29,53.92,109.24,154.48,51.55,18.63,90.73,98.66,38.2,84.19,1.1,1.15,0.72,0.33,0.29,0.3,8.54
bloom-560m,news-manual-all-test,news-manual-all-val,3,p1,1,random,95829907.66666667,46.35,1.27,56.87,44.49,34.21,8.03,52.11,56.71,54.09,57.5,59.59,58.51,104.02,104.08,45.03,17.78,90.62,98.92,31.49,80.21,1.08,1.18,0.75,0.01,0.29,0.3,8.66
opt-30b,news-manual-all-test,news-manual-all-val,3,p1,1,random,95829907.66666667,43.39,2.8,53.63,52.47,36.3,6.91,53.65,55.16,53.91,57.46,55.85,56.61,98.56,86.78,50.96,15.95,91.68,99.21,31.22,79.42,0.96,1.19,0.7,0.0,0.3,0.37,8.63
bloom-3b,news-manual-all-test,news-manual-all-val,3,p0,1,random,95829907.66666667,33.29,2.48,55.96,50.44,36.29,7.97,52.22,56.37,53.83,56.7,58.0,57.23,69.58,82.37,52.08,18.79,87.03,97.65,29.18,79.15,1.42,1.66,0.68,0.15,0.35,0.27,8.59
t5-xl-lm-adapt,asset-test,asset-valid,3,p1,1,random,95829907.66666667,33.11,2.75,60.94,29.67,31.12,7.04,34.53,76.75,53.53,36.79,76.53,55.45,70.06,82.05,25.12,23.8,73.1,85.2,23.01,56.82,2.71,2.96,0.63,0.09,0.49,0.06,8.67
bloom-3b,news-manual-all-test,news-manual-all-val,3,p1,1,random,95829907.66666667,43.08,2.15,55.14,48.91,35.4,7.44,52.31,55.44,53.52,56.98,57.38,57.14,101.76,146.4,47.33,15.74,90.01,98.84,31.15,79.41,1.07,1.24,0.72,0.0,0.31,0.33,8.59
bloomz-1b1,news-manual-all-test,news-manual-all-val,3,p1,1,random,95829907.66666667,44.87,1.96,54.06,48.69,34.9,8.19,52.47,54.5,53.1,57.08,56.47,56.76,102.03,101.7,45.89,18.32,91.21,99.17,31.83,81.1,1.01,1.08,0.72,0.02,0.31,0.35,8.57
gpt-j-6b,news-manual-all-test,news-manual-all-val,3,p1,1,random,95829907.66666667,40.85,2.88,52.72,52.14,35.91,6.63,52.42,54.37,52.92,56.23,55.3,55.74,98.93,105.09,50.18,15.95,90.35,99.16,30.4,78.96,0.99,1.26,0.69,0.0,0.32,0.37,8.57
bloom-1b1,news-manual-all-test,news-manual-all-val,3,p1,1,random,95829907.66666667,43.87,1.52,56.13,43.96,33.87,8.36,50.42,55.78,52.79,55.74,58.73,57.21,100.65,105.67,45.72,16.22,90.22,99.02,31.04,80.17,1.16,1.22,0.74,0.0,0.31,0.3,8.61
bloomz-3b,news-manual-all-test,news-manual-all-val,3,p2,1,random,95829907.66666667,40.34,2.41,51.04,50.8,34.75,8.51,54.0,52.08,52.51,58.75,53.05,55.85,81.87,84.1,52.37,19.23,91.54,98.95,32.55,83.12,1.03,1.12,0.67,0.13,0.3,0.38,8.56
opt-1.3b,news-manual-all-test,news-manual-all-val,3,p1,1,random,95829907.66666667,41.37,1.95,55.95,44.9,34.27,8.36,49.26,56.4,52.45,54.11,58.93,56.47,84.74,81.42,46.48,15.61,88.64,98.5,30.38,79.15,1.27,1.3,0.72,0.0,0.36,0.28,8.63
openai-text-ada-001,news-manual-all-test,news-manual-all-val,3,p1,1,random,95829907.66666667,43.89,2.16,57.26,45.76,35.06,7.88,48.9,56.63,52.44,54.27,59.72,56.96,139.88,249.46,40.64,19.55,88.82,98.15,30.32,77.97,1.13,1.24,0.73,0.01,0.34,0.29,8.52
t5-xl-lm-adapt,asset-test,asset-valid,3,p0,1,random,95829907.66666667,31.18,2.72,61.3,25.79,29.94,6.87,29.95,78.67,51.92,32.33,79.47,54.38,52.47,64.66,27.13,22.5,70.83,83.76,27.96,67.26,2.99,3.8,0.58,0.16,0.54,0.04,8.58
opt-1.3b,news-manual-all-test,news-manual-all-val,3,p2,1,random,95829907.66666667,39.64,1.95,52.89,49.46,34.76,7.96,51.07,51.37,50.78,55.66,52.4,53.98,65.73,63.07,55.35,17.19,89.48,98.35,31.72,81.41,1.21,1.28,0.66,0.26,0.33,0.36,8.54
bloom-560m,asset-test,asset-valid,3,p2,1,random,95829907.66666667,29.52,2.56,51.49,54.37,36.14,8.01,44.74,58.34,50.11,46.07,53.03,49.31,93.72,189.35,42.68,22.92,83.44,94.79,30.66,73.5,1.81,2.12,0.63,0.23,0.42,0.24,8.53
bloom-560m,asset-test,asset-valid,3,p0,1,random,95907829.66666667,29.72,2.5,50.91,55.29,36.23,7.78,44.64,57.81,49.83,45.77,52.26,48.77,100.43,213.22,41.06,23.82,83.6,94.67,32.02,76.19,1.72,2.04,0.63,0.23,0.41,0.26,8.53
opt-1.3b,news-manual-all-test,news-manual-all-val,3,p0,1,random,95829907.66666667,37.55,1.97,52.49,50.76,35.07,8.16,49.39,50.37,49.43,53.63,50.97,52.25,68.25,77.04,55.23,17.79,89.37,98.42,31.44,81.58,1.28,1.27,0.65,0.28,0.34,0.36,8.56
bloomz-3b,news-manual-all-test,news-manual-all-val,3,p0,1,random,95829907.66666667,37.82,2.26,49.5,52.22,34.66,8.4,50.35,48.78,49.06,54.64,49.34,51.95,79.35,76.76,53.35,18.69,91.3,98.91,32.54,83.02,1.04,1.12,0.65,0.15,0.33,0.39,8.54
bloomz-560m,news-manual-all-test,news-manual-all-val,3,p1,1,random,95829907.66666667,36.7,1.62,54.91,48.15,34.89,8.38,45.65,52.54,48.73,50.31,54.64,52.43,100.45,89.3,37.68,21.29,87.63,97.01,29.23,75.73,1.36,1.3,0.7,0.02,0.36,0.3,8.63
llama-7b,news-manual-all-test,news-manual-all-val,3,p1,1,random,95829907.66666667,30.88,3.83,44.8,57.0,35.21,5.77,48.99,49.32,48.58,51.59,48.06,49.78,107.07,115.27,52.88,16.7,92.04,99.13,30.14,78.43,0.89,1.28,0.63,0.0,0.35,0.47,8.49
bloom-1b1,news-manual-all-test,news-manual-all-val,3,p2,1,random,95829907.66666667,29.1,1.82,56.7,47.6,35.37,7.99,43.8,54.41,48.52,48.53,56.63,52.35,66.54,61.6,46.54,21.91,85.05,96.27,28.65,77.32,1.78,1.96,0.65,0.24,0.4,0.24,8.53
t5-xl-lm-adapt,asset-test,asset-valid,3,p2,1,random,95829907.66666667,29.12,2.75,61.64,22.96,29.12,7.06,23.39,78.37,48.25,25.31,79.48,50.64,46.21,63.38,23.39,19.59,68.06,81.75,26.76,65.54,3.3,4.09,0.53,0.11,0.59,0.03,8.57
gpt-neox-20b,news-manual-all-test,news-manual-all-val,3,p1,1,random,95829907.66666667,31.24,3.1,45.3,57.27,35.23,6.41,49.09,48.42,48.23,51.45,47.18,49.3,103.55,100.62,50.93,15.89,91.7,99.22,31.07,79.36,0.91,1.21,0.63,0.0,0.35,0.46,8.52
t5-xxl-lm-adapt,asset-test,asset-valid,3,p0,1,random,95829907.66666667,28.41,3.91,61.89,34.36,33.39,6.99,24.61,76.98,48.21,25.69,75.39,49.0,47.58,52.03,24.94,20.18,69.37,84.28,27.38,67.76,3.28,4.2,0.52,0.08,0.6,0.05,8.6
t0pp,asset-test,asset-valid,3,p0,1,random,95829907.66666667,41.7,2.0,50.71,54.42,35.71,8.36,45.35,52.54,47.98,47.23,47.87,47.55,93.75,137.39,46.87,22.0,86.32,95.58,34.43,78.6,1.26,1.37,0.68,0.3,0.37,0.3,8.57
t0pp,asset-test,asset-valid,3,p2,1,random,95829907.66666667,40.64,2.0,50.13,53.01,35.05,8.65,44.9,52.41,47.69,46.51,47.52,46.98,97.16,275.41,44.67,23.17,84.94,94.28,33.14,75.87,1.33,1.41,0.68,0.3,0.38,0.3,8.57
bloom-1b1,news-manual-all-test,news-manual-all-val,3,p0,1,random,95829907.66666667,29.12,1.97,54.93,48.84,35.25,7.78,43.34,51.8,47.06,47.8,53.64,50.55,68.23,61.83,47.2,21.62,85.77,96.75,29.03,78.17,1.64,1.9,0.64,0.23,0.4,0.27,8.52
t5-xxl-lm-adapt,asset-test,asset-valid,3,p2,1,random,95829907.66666667,27.81,3.93,61.89,33.69,33.17,6.85,22.01,76.47,46.59,23.06,75.01,47.43,49.7,56.64,25.43,19.15,69.94,85.73,26.2,67.6,3.33,4.33,0.51,0.06,0.62,0.05,8.6
t5-xxl-lm-adapt,asset-test,asset-valid,3,p1,1,random,95829907.66666667,28.42,3.4,61.39,32.42,32.4,7.19,22.91,74.23,46.16,24.25,73.86,47.56,61.49,75.97,18.65,20.07,70.05,84.21,21.97,56.31,3.26,3.52,0.54,0.04,0.59,0.05,8.69
t5-xl-lm-adapt,news-manual-all-test,news-manual-all-val,3,p0,1,random,95829907.66666667,25.85,2.1,65.58,32.54,33.41,6.66,27.29,65.86,45.32,31.29,71.35,50.2,43.78,41.16,29.36,21.22,72.77,86.91,24.72,68.3,3.18,3.69,0.56,0.1,0.56,0.07,8.57
t5-xl-lm-adapt,news-manual-all-test,news-manual-all-val,3,p1,1,random,95829907.66666667,26.82,1.79,64.04,32.79,32.87,6.8,28.9,63.88,45.25,33.27,69.22,50.27,59.48,64.31,24.3,22.4,74.28,87.32,20.77,58.87,2.92,3.03,0.59,0.05,0.53,0.09,8.66
t5-xxl-lm-adapt,news-manual-all-test,news-manual-all-val,3,p0,1,random,95829907.66666667,25.51,2.48,66.74,32.66,33.96,6.7,25.79,67.36,45.21,29.68,72.52,49.94,42.95,42.38,29.84,20.58,72.18,87.08,25.03,69.05,3.34,4.03,0.54,0.07,0.58,0.06,8.57
flan-t5-xl,med-easi-test,med-easi-validation,3,p0,1,random,95829907.66666667,24.25,1.43,50.12,46.08,32.54,10.38,44.62,44.75,44.61,89.23,80.33,84.66,217.19,1279.79,53.59,16.24,90.82,98.77,35.88,84.97,0.89,1.01,0.88,0.29,0.07,0.17,8.95
flan-t5-xxl,med-easi-test,med-easi-validation,3,p0,1,random,95829907.66666667,23.54,1.9,50.65,50.96,34.51,10.5,44.72,44.63,44.6,86.61,77.7,82.03,143.05,317.22,55.16,15.5,91.26,98.64,35.47,84.52,0.91,1.0,0.86,0.28,0.09,0.2,8.93
t5-xxl-lm-adapt,news-manual-all-test,news-manual-all-val,3,p2,1,random,95829907.66666667,24.95,2.39,66.44,31.48,33.44,6.67,24.2,66.83,44.15,27.84,72.19,48.8,44.5,41.52,29.49,19.92,72.91,88.8,24.14,68.72,3.44,4.06,0.53,0.06,0.6,0.06,8.59
bloomz-560m,asset-test,asset-valid,3,p0,1,random,95829907.66666667,38.98,2.26,43.29,61.2,35.58,7.84,43.79,46.69,44.14,43.08,37.44,40.23,132.49,197.13,44.82,22.34,90.79,98.38,37.86,83.38,0.98,1.18,0.61,0.16,0.37,0.46,8.44
flan-t5-xl,med-easi-test,med-easi-validation,3,p2,1,random,95829907.66666667,22.2,2.18,48.07,49.39,33.21,9.11,43.69,44.69,44.12,85.33,78.33,81.77,144.54,418.61,54.75,16.79,89.46,98.44,34.1,83.22,0.93,1.22,0.86,0.13,0.13,0.2,8.95
flan-ul2,med-easi-test,med-easi-validation,3,p0,1,random,95829907.66666667,20.8,2.1,48.72,55.32,35.38,9.58,45.61,42.7,44.06,86.28,73.49,79.68,141.55,278.6,57.16,15.6,91.38,99.11,36.41,85.42,0.86,1.06,0.83,0.2,0.09,0.24,8.92
flan-t5-xl,med-easi-test,med-easi-validation,3,p1,1,random,95829907.66666667,23.05,1.66,48.62,46.37,32.21,10.09,44.18,43.82,43.93,85.96,76.8,81.27,145.37,273.73,52.18,16.84,90.61,99.01,35.33,84.19,0.89,1.03,0.87,0.15,0.09,0.2,8.94
openai-text-davinci-002,med-easi-test,med-easi-validation,3,p2,1,random,95829907.66666667,22.0,4.66,48.65,55.72,36.34,10.05,42.78,44.69,43.67,74.51,70.5,72.4,88.64,144.91,57.71,14.97,89.03,98.72,31.16,80.11,1.1,1.09,0.77,0.08,0.25,0.23,8.87
flan-ul2,med-easi-test,med-easi-validation,3,p1,1,random,95829907.66666667,22.25,1.67,48.49,49.21,33.12,9.47,43.54,43.9,43.65,85.64,77.44,81.41,140.92,332.28,55.26,16.21,90.69,99.04,35.39,84.24,0.93,1.12,0.86,0.17,0.1,0.2,8.94
flan-t5-xxl,med-easi-test,med-easi-validation,3,p2,1,random,95829907.66666667,20.97,2.43,47.46,52.93,34.27,9.13,43.22,43.77,43.43,82.73,75.21,78.91,134.61,278.94,54.7,17.34,90.13,98.68,34.51,83.84,0.91,1.18,0.83,0.12,0.15,0.23,8.92
openai-text-davinci-002,med-easi-test,med-easi-validation,3,p0,1,random,95829907.66666667,21.72,4.46,48.25,55.66,36.12,10.02,43.46,43.28,43.3,78.08,70.01,73.9,101.82,185.28,58.03,14.7,89.8,98.8,32.9,81.65,1.0,1.03,0.78,0.1,0.19,0.24,8.9
flan-ul2,med-easi-test,med-easi-validation,3,p2,1,random,95829907.66666667,19.79,2.48,47.18,56.28,35.31,8.52,43.12,42.59,42.8,81.65,73.01,77.23,130.62,265.82,57.95,16.34,89.96,98.95,34.39,83.72,0.91,1.26,0.81,0.08,0.16,0.25,8.91
t5-large-lm-adapt,asset-test,asset-valid,3,p1,1,random,95829907.66666667,27.56,2.4,60.22,25.84,29.49,7.0,18.84,71.26,42.71,20.3,72.35,44.78,57.43,75.01,14.37,17.1,67.25,79.94,20.9,52.95,3.31,3.61,0.53,0.0,0.62,0.05,8.69
t5-xl-lm-adapt,news-manual-all-test,news-manual-all-val,3,p2,1,random,95829907.66666667,24.41,2.02,66.1,30.43,32.85,6.62,21.92,65.9,42.51,25.54,71.71,47.35,37.88,29.96,25.48,18.78,70.3,85.08,24.25,66.84,3.58,4.08,0.52,0.07,0.61,0.06,8.57
flan-t5-small,med-easi-test,med-easi-validation,3,p0,1,random,95829907.66666667,22.53,0.91,49.66,50.8,33.79,10.2,42.67,41.92,42.22,84.87,75.15,79.86,138.56,216.48,49.2,18.82,91.13,98.75,35.73,84.79,0.91,1.02,0.85,0.24,0.09,0.21,8.95
flan-t5-xxl,med-easi-test,med-easi-validation,3,p1,1,random,95829907.66666667,21.48,2.11,48.3,52.39,34.27,10.14,42.16,42.04,42.02,80.8,72.68,76.6,150.16,300.59,52.37,16.96,91.18,99.13,34.87,83.44,0.94,1.01,0.82,0.13,0.13,0.22,8.92
t5-large-lm-adapt,asset-test,asset-valid,3,p0,1,random,95829907.66666667,25.65,2.78,59.98,31.34,31.36,6.8,16.67,71.63,41.42,17.68,70.82,42.58,40.48,58.34,18.34,16.82,65.65,79.02,26.56,64.06,3.49,4.53,0.48,0.06,0.65,0.05,8.55
flan-t5-large,med-easi-test,med-easi-validation,3,p2,1,random,95829907.66666667,18.23,2.26,46.03,58.85,35.71,8.7,42.21,40.55,41.31,79.1,68.67,73.78,276.19,2549.7,52.59,18.16,89.95,98.79,34.88,83.99,0.87,1.2,0.79,0.08,0.16,0.28,8.95
bloomz-560m,asset-test,asset-valid,3,p2,1,random,95829907.66666667,36.04,1.86,43.16,60.33,35.12,7.52,40.13,44.45,41.21,39.69,35.65,37.62,202.88,709.82,39.52,24.63,90.02,97.45,36.24,78.21,1.11,1.42,0.6,0.19,0.37,0.45,8.53
openai-gpt-3.5-turbo,med-easi-test,med-easi-validation,3,p0,1,random,95829907.66666667,12.42,5.59,40.6,73.44,39.88,8.88,42.24,40.25,41.2,61.61,53.08,57.27,96.7,344.53,64.3,13.45,90.45,98.98,29.74,78.86,0.99,1.1,0.63,0.0,0.38,0.41,8.81
openai-text-davinci-003,med-easi-test,med-easi-validation,3,p2,1,random,95829907.66666667,13.03,5.74,41.13,72.56,39.81,9.31,41.45,40.32,40.83,62.32,55.11,58.66,93.8,290.96,60.71,13.87,89.81,99.06,30.96,79.43,0.98,1.07,0.64,0.0,0.38,0.41,8.84
flan-t5-large,med-easi-test,med-easi-validation,3,p0,1,random,95829907.66666667,17.24,1.66,46.86,61.76,36.76,9.26,43.87,37.83,40.75,80.1,63.25,71.4,137.27,228.03,55.41,17.9,92.84,99.07,37.39,85.72,0.8,1.02,0.76,0.14,0.11,0.33,8.91
openai-gpt-3.5-turbo,med-easi-test,med-easi-validation,3,p2,1,random,95829907.66666667,12.08,5.94,39.8,74.7,40.14,8.93,41.28,40.16,40.67,58.84,51.74,55.24,99.96,455.12,63.8,13.73,90.09,98.97,28.59,77.9,1.03,1.1,0.61,0.0,0.43,0.42,8.75
flan-t5-base,med-easi-test,med-easi-validation,3,p2,1,random,95829907.66666667,18.48,1.95,47.63,60.79,36.79,9.05,41.99,39.41,40.63,79.02,67.39,73.08,138.16,231.77,51.95,18.24,90.89,98.89,35.51,84.67,0.85,1.09,0.8,0.07,0.14,0.29,8.9
openai-text-davinci-003,med-easi-test,med-easi-validation,3,p0,1,random,95829907.66666667,12.12,4.98,39.64,71.81,38.81,8.58,42.2,38.54,40.31,64.36,52.84,58.5,105.45,168.72,60.76,15.98,90.62,98.99,33.4,81.73,0.86,1.06,0.64,0.0,0.31,0.44,8.88
flan-t5-large,med-easi-test,med-easi-validation,3,p1,1,random,95829907.66666667,17.2,1.89,45.31,59.82,35.67,8.97,42.55,37.76,40.06,77.82,63.21,70.32,147.46,224.21,54.07,17.73,91.62,98.96,35.88,85.21,0.81,1.12,0.77,0.09,0.14,0.33,8.93
openai-text-curie-001,med-easi-test,med-easi-validation,3,p0,1,random,95829907.66666667,18.93,4.29,46.91,61.9,37.7,10.29,39.21,40.44,39.77,67.59,63.06,65.23,84.97,154.36,56.68,15.19,88.54,98.57,30.08,78.35,1.13,1.07,0.73,0.03,0.29,0.28,8.87
openai-text-curie-001,med-easi-test,med-easi-validation,3,p2,1,random,95829907.66666667,18.62,4.35,47.0,63.33,38.22,10.15,38.18,40.57,39.31,65.54,62.19,63.78,79.22,106.08,56.1,15.14,87.93,98.2,29.53,77.62,1.13,1.11,0.72,0.02,0.32,0.28,8.89
t5-xxl-lm-adapt,news-manual-all-test,news-manual-all-val,3,p1,1,random,95829907.66666667,23.57,2.11,65.13,30.81,32.68,6.89,18.27,62.8,39.19,21.64,67.95,43.58,53.32,50.27,17.53,17.67,71.45,86.27,20.0,58.48,3.6,3.63,0.51,0.02,0.63,0.06,8.69
flan-t5-small,med-easi-test,med-easi-validation,3,p1,1,random,95829907.66666667,21.15,1.15,48.32,53.56,34.34,9.98,38.93,38.63,38.71,77.18,68.32,72.63,148.11,246.44,46.02,19.83,90.17,98.37,34.42,83.56,0.96,1.07,0.82,0.19,0.15,0.23,8.92
openai-text-davinci-002,med-easi-test,med-easi-validation,3,p1,1,random,95829907.66666667,21.01,4.43,46.73,56.45,35.87,9.69,36.17,41.25,38.67,63.15,63.64,63.34,120.73,152.03,49.94,15.29,89.86,98.92,31.34,78.26,1.07,1.05,0.77,0.0,0.29,0.27,8.89
flan-t5-small,med-easi-test,med-easi-validation,3,p2,1,random,95829907.66666667,17.56,1.6,46.54,61.82,36.65,8.99,40.38,36.96,38.6,75.24,63.05,68.99,162.17,319.09,45.37,20.94,91.38,98.8,36.02,84.96,0.87,1.16,0.78,0.11,0.16,0.31,8.91
t5-large-lm-adapt,news-manual-all-test,news-manual-all-val,3,p1,1,random,95829907.66666667,23.19,1.49,63.37,30.54,31.8,6.94,19.28,60.16,38.56,22.98,65.39,43.15,51.48,43.92,16.69,17.11,71.02,85.3,19.86,57.67,3.48,3.56,0.52,0.0,0.63,0.08,8.69
openai-text-babbage-001,med-easi-test,med-easi-validation,3,p2,1,random,95829907.66666667,17.53,3.37,45.03,61.39,36.6,10.49,37.83,38.2,37.95,66.89,61.21,63.94,86.35,141.93,53.91,16.32,89.01,98.3,30.5,78.59,1.1,1.03,0.72,0.07,0.29,0.29,8.86
flan-t5-base,med-easi-test,med-easi-validation,3,p1,1,random,95829907.66666667,18.59,1.25,45.78,56.12,34.39,10.02,38.71,37.16,37.86,74.17,64.2,69.05,138.09,230.49,49.72,19.19,90.85,98.46,35.45,84.06,0.93,1.02,0.78,0.12,0.16,0.29,8.94
t5-large-lm-adapt,asset-test,asset-valid,3,p2,1,random,95829907.66666667,23.96,2.92,60.07,30.38,31.12,6.88,10.59,70.93,37.82,11.16,70.1,38.78,35.59,50.26,15.21,12.13,63.51,77.53,25.66,63.11,3.81,4.9,0.44,0.02,0.7,0.04,8.53
flan-t5-base,med-easi-test,med-easi-validation,3,p0,1,random,95829907.66666667,16.03,1.53,46.83,65.11,37.83,9.47,40.62,34.67,37.55,75.25,58.83,66.79,145.33,212.15,52.75,19.28,92.76,98.98,37.6,85.87,0.8,0.98,0.74,0.12,0.12,0.35,8.91
openai-text-babbage-001,med-easi-test,med-easi-validation,3,p0,1,random,95829907.66666667,16.79,3.21,44.08,61.91,36.4,10.17,37.3,37.21,37.19,65.7,59.49,62.45,153.92,1173.05,54.84,16.57,89.19,98.3,30.5,78.58,1.09,1.03,0.71,0.07,0.29,0.31,8.86
ul2,news-manual-all-test,news-manual-all-val,3,p0,1,random,95829907.66666667,20.58,2.99,65.64,38.14,35.59,6.59,16.31,60.45,37.11,18.9,64.56,40.65,40.85,24.26,21.43,13.17,67.72,86.48,23.3,68.05,4.03,4.61,0.44,0.0,0.71,0.05,8.67
ul2,news-manual-all-test,news-manual-all-val,3,p2,1,random,95829907.66666667,20.24,2.94,65.08,37.66,35.22,6.92,15.92,60.86,37.07,18.58,65.18,40.78,39.05,19.63,21.62,13.25,67.89,87.09,23.21,68.3,4.06,4.42,0.44,0.0,0.71,0.05,8.63
ul2,asset-test,asset-valid,3,p2,1,random,95829907.66666667,23.39,5.3,61.04,40.62,35.65,7.65,11.31,67.93,37.0,11.48,66.14,37.31,42.99,25.81,15.99,10.79,64.15,82.66,26.07,67.14,3.93,4.57,0.41,0.0,0.73,0.04,8.64
ul2,asset-test,asset-valid,3,p0,1,random,95829907.66666667,23.28,5.11,60.77,39.84,35.24,7.29,11.87,66.88,36.83,12.22,65.15,37.25,43.71,27.18,14.85,10.93,63.41,82.2,26.09,66.86,3.91,4.74,0.41,0.0,0.73,0.04,8.61
t0-3b,news-manual-all-test,news-manual-all-val,3,p2,1,random,95829907.66666667,24.07,1.56,46.11,52.46,33.37,8.5,35.12,38.84,36.56,38.11,38.66,38.36,72.66,85.86,50.64,18.24,88.49,98.26,24.84,67.98,1.62,1.66,0.59,0.17,0.47,0.35,8.57
openai-gpt-3.5-turbo,med-easi-test,med-easi-validation,3,p1,1,random,95829907.66666667,11.73,5.29,38.24,74.07,39.2,8.29,35.18,37.79,36.46,51.28,49.47,50.36,94.48,113.28,58.43,14.12,90.26,98.91,28.29,74.64,1.04,1.13,0.61,0.0,0.46,0.42,8.78
openai-text-davinci-003,med-easi-test,med-easi-validation,3,p1,1,random,95829907.66666667,12.25,4.79,38.85,71.97,38.54,8.07,36.06,36.69,36.35,55.31,50.11,52.68,131.22,171.49,54.14,16.69,91.33,99.23,32.21,78.15,0.87,1.05,0.65,0.0,0.36,0.46,8.83
openai-text-curie-001,med-easi-test,med-easi-validation,3,p1,1,random,95829907.66666667,16.81,3.86,44.46,65.09,37.8,9.44,32.99,37.7,35.31,55.34,55.81,55.52,101.73,211.93,50.31,15.92,88.53,98.53,28.66,75.22,1.15,1.1,0.69,0.0,0.37,0.32,8.86
t5-base-lm-adapt,asset-test,asset-valid,3,p1,1,random,95829907.66666667,23.46,2.39,58.0,34.0,31.46,7.31,12.98,62.01,35.29,13.88,61.58,36.42,49.9,48.93,10.2,13.15,63.93,77.66,20.44,52.78,3.56,3.74,0.46,0.0,0.69,0.06,8.69
openai-text-ada-001,med-easi-test,med-easi-validation,3,p2,1,random,95829907.66666667,20.36,1.72,48.9,58.94,36.52,10.62,32.55,35.49,33.95,63.26,59.71,61.33,232.54,1095.91,41.43,21.65,89.5,98.17,34.24,82.52,1.15,1.03,0.74,0.16,0.25,0.28,8.83
ul2,asset-test,asset-valid,3,p1,1,random,95829907.66666667,22.05,4.52,60.08,43.05,35.88,6.94,7.45,65.84,33.93,7.68,64.37,34.42,53.94,35.75,7.94,7.13,64.7,82.7,20.68,55.81,3.9,4.31,0.42,0.0,0.74,0.04,8.75
ul2,news-manual-all-test,news-manual-all-val,3,p1,1,random,95829907.66666667,20.1,2.43,64.69,37.67,34.93,6.59,11.12,58.11,33.26,13.61,62.34,36.79,52.09,26.81,10.64,8.52,67.88,86.41,19.04,58.34,4.03,4.17,0.44,0.0,0.71,0.05,8.74
t0-3b,news-manual-all-test,news-manual-all-val,3,p1,1,random,95829907.66666667,24.61,1.16,43.8,51.7,32.22,9.01,30.26,34.81,32.19,33.12,34.97,34.04,213.46,1248.78,43.17,19.87,88.79,96.48,24.68,64.74,1.52,1.41,0.58,0.08,0.48,0.4,8.56
bloom-560m,news-manual-all-test,news-manual-all-val,3,p2,1,random,95829907.66666667,17.13,1.61,44.61,54.03,33.41,7.76,27.96,36.86,31.85,30.17,35.95,32.92,67.48,59.88,38.58,22.56,83.69,96.4,28.41,77.9,2.08,2.21,0.53,0.16,0.54,0.33,8.49
t5-large-lm-adapt,news-manual-all-test,news-manual-all-val,3,p0,1,random,95829907.66666667,18.3,1.78,58.47,41.86,34.04,6.33,14.65,51.17,31.77,17.24,54.02,34.73,39.1,31.67,22.41,16.76,70.95,86.21,24.44,68.14,3.59,4.38,0.46,0.05,0.68,0.11,8.56
openai-text-babbage-001,med-easi-test,med-easi-validation,3,p1,1,random,95829907.66666667,15.41,2.88,43.68,61.68,36.08,10.19,28.27,35.09,31.63,50.77,54.49,52.55,94.93,192.78,45.53,15.81,86.1,97.71,27.57,73.42,1.38,1.15,0.67,0.0,0.41,0.28,8.88
t0,news-manual-all-test,news-manual-all-val,3,p0,1,random,95829907.66666667,20.8,1.86,39.7,57.55,33.04,7.04,30.91,32.86,31.41,32.57,30.34,31.44,82.96,109.01,53.64,19.05,89.54,98.58,25.12,67.74,1.41,1.63,0.54,0.07,0.49,0.45,8.54
t5-large-lm-adapt,news-manual-all-test,news-manual-all-val,3,p2,1,random,95829907.66666667,18.3,1.86,59.8,38.77,33.48,6.35,11.5,52.97,30.99,13.79,56.58,34.12,34.49,20.97,20.07,14.25,68.56,84.2,23.97,66.59,3.86,4.64,0.44,0.02,0.72,0.09,8.54
t0,news-manual-all-test,news-manual-all-val,3,p2,1,random,95829907.66666667,21.17,1.78,39.69,57.04,32.83,7.58,31.2,31.64,30.96,32.9,29.62,31.26,109.66,273.36,53.23,19.42,89.74,97.19,25.32,67.84,1.38,1.53,0.54,0.08,0.47,0.46,8.59
bloom-560m,news-manual-all-test,news-manual-all-val,3,p0,1,random,95829907.66666667,16.0,1.66,44.19,54.27,33.37,7.58,26.71,36.28,30.93,29.0,35.22,31.97,69.84,65.75,37.67,22.8,82.96,95.96,27.68,76.93,2.21,2.34,0.52,0.15,0.55,0.32,8.49
t0pp,news-manual-all-test,news-manual-all-val,3,p2,1,random,95829907.66666667,21.18,1.3,44.13,53.64,33.02,8.2,29.01,33.01,30.66,31.47,32.08,31.8,67.08,87.61,47.62,21.84,85.28,95.6,21.66,58.38,1.7,1.67,0.56,0.2,0.52,0.38,8.48
t0-3b,news-manual-all-test,news-manual-all-val,3,p0,1,random,95829907.66666667,20.59,1.57,40.81,54.32,32.23,8.78,27.94,31.39,29.24,30.43,30.69,30.57,74.97,101.69,49.91,18.68,89.1,98.21,23.35,63.05,1.59,1.54,0.54,0.14,0.52,0.41,8.53
openai-text-ada-001,med-easi-test,med-easi-validation,3,p0,1,random,95829907.66666667,17.03,1.95,46.01,64.19,37.38,10.62,25.92,30.17,27.96,51.33,49.71,50.38,1108.22,13624.9,37.52,23.05,89.27,97.86,34.2,82.21,1.22,1.05,0.67,0.1,0.32,0.35,8.8
t0pp,news-manual-all-test,news-manual-all-val,3,p0,1,random,95829907.66666667,18.73,1.43,38.81,55.76,32.0,7.63,26.4,29.19,27.4,28.28,27.36,27.86,68.92,77.46,49.11,20.86,86.63,96.42,21.85,58.01,1.62,1.64,0.53,0.16,0.54,0.43,8.47
t5-base-lm-adapt,news-manual-all-test,news-manual-all-val,3,p1,1,random,95829907.66666667,16.1,1.51,55.67,44.32,33.83,6.72,9.29,43.44,25.37,11.43,45.47,27.72,47.93,36.16,12.01,13.65,68.46,84.24,18.72,56.9,3.76,3.78,0.43,0.0,0.72,0.13,8.65
openai-text-ada-001,med-easi-test,med-easi-validation,3,p1,1,random,95829907.66666667,15.43,1.95,44.77,64.69,37.14,9.6,19.81,28.76,24.21,40.02,45.82,42.82,419.84,3362.2,30.81,20.14,86.39,97.57,31.28,77.11,1.42,1.25,0.65,0.0,0.43,0.32,8.83
t5-xl-lm-adapt,med-easi-test,med-easi-validation,3,p1,1,random,95829907.66666667,11.64,1.9,50.32,47.75,33.32,8.9,7.97,37.7,22.23,28.19,65.37,45.74,66.72,82.66,19.28,18.69,72.67,86.8,21.92,59.27,3.24,2.83,0.56,0.02,0.56,0.11,9.04
t5-xxl-lm-adapt,med-easi-test,med-easi-validation,3,p2,1,random,95829907.66666667,10.38,2.36,48.3,47.18,32.61,9.1,6.29,38.43,21.69,25.55,67.02,45.09,48.43,51.48,28.21,18.29,73.37,89.9,25.83,69.94,3.44,3.49,0.52,0.03,0.61,0.09,9.08
t5-xxl-lm-adapt,med-easi-test,med-easi-validation,3,p0,1,random,95829907.66666667,10.69,2.27,48.27,44.87,31.8,9.47,6.0,38.49,21.55,26.43,68.21,46.08,49.64,87.67,26.88,18.07,72.7,88.64,26.21,69.66,3.46,3.38,0.52,0.04,0.59,0.09,9.09
t0-3b,med-easi-test,med-easi-validation,3,p1,1,random,95829907.66666667,15.58,1.39,43.51,65.69,36.86,10.62,19.47,22.95,21.17,41.37,39.97,40.62,163.06,601.62,39.09,18.8,88.78,96.7,28.97,71.25,1.32,1.1,0.66,0.07,0.36,0.37,8.94
t5-xl-lm-adapt,med-easi-test,med-easi-validation,3,p0,1,random,95829907.66666667,10.8,1.84,50.85,50.21,34.3,8.92,5.99,37.7,21.16,25.48,67.07,45.03,53.91,134.1,24.66,17.39,71.64,87.13,25.25,68.06,3.44,3.43,0.52,0.07,0.6,0.09,9.02
t0,asset-test,asset-valid,3,p1,1,random,95829907.66666667,30.02,1.65,32.89,64.18,32.91,6.95,20.88,20.9,19.68,18.01,10.12,13.97,2604.62,21825.85,25.83,24.95,88.49,93.4,40.24,82.99,0.87,1.18,0.45,0.04,0.35,0.64,8.35
t5-base-lm-adapt,asset-test,asset-valid,3,p2,1,random,95829907.66666667,13.24,2.77,44.63,56.69,34.7,6.8,5.66,37.17,19.63,4.77,30.39,17.07,182.84,2761.76,14.27,13.58,62.03,76.68,23.99,61.24,3.5,4.49,0.38,0.01,0.78,0.17,8.53
t5-xxl-lm-adapt,med-easi-test,med-easi-validation,3,p1,1,random,95829907.66666667,10.31,2.14,49.48,47.73,33.12,8.9,2.59,37.08,19.12,19.56,62.68,39.95,59.23,79.16,16.62,15.73,71.64,88.1,20.96,59.32,3.63,3.21,0.51,0.01,0.63,0.09,9.03
t5-xl-lm-adapt,med-easi-test,med-easi-validation,3,p2,1,random,95829907.66666667,10.07,1.95,50.32,48.67,33.65,8.83,2.11,37.25,18.91,19.97,66.57,41.87,46.96,121.09,22.59,15.48,69.84,86.3,24.67,67.34,3.77,3.75,0.48,0.03,0.65,0.08,9.02
bloomz-560m,news-manual-all-test,news-manual-all-val,3,p0,1,random,95829907.66666667,10.78,1.63,25.07,58.56,28.42,7.75,17.28,20.14,18.25,17.35,15.9,16.65,90.98,196.4,38.81,21.08,87.52,97.8,28.64,77.68,1.48,1.53,0.45,0.04,0.62,0.56,8.38
t0,med-easi-test,med-easi-validation,3,p0,1,random,95829907.66666667,12.53,1.73,38.86,68.7,36.43,10.52,16.5,19.75,18.08,36.89,34.01,35.38,113.84,245.21,45.85,20.29,88.95,97.76,28.67,71.5,1.38,1.19,0.6,0.15,0.41,0.4,8.96
t0,news-manual-all-test,news-manual-all-val,3,p1,1,random,95829907.66666667,14.69,1.52,29.67,59.65,30.28,6.48,18.08,18.85,17.98,17.59,14.19,15.89,452.1,2455.7,42.12,24.03,89.37,97.32,23.79,63.78,1.26,1.6,0.45,0.02,0.52,0.58,8.44
t0-3b,med-easi-test,med-easi-validation,3,p2,1,random,95829907.66666667,12.16,1.64,44.67,68.18,38.16,10.34,14.38,21.44,17.83,32.02,35.63,33.7,91.35,178.74,42.02,19.52,85.22,97.21,25.51,67.25,1.87,1.59,0.58,0.14,0.49,0.31,9.0
t5-large-lm-adapt,med-easi-test,med-easi-validation,3,p1,1,random,95829907.66666667,9.89,1.65,49.21,50.26,33.71,8.87,2.78,34.0,17.8,19.6,58.99,38.25,57.29,74.86,15.19,15.23,71.4,86.99,20.55,58.41,3.62,3.19,0.5,0.0,0.64,0.11,9.0
bloomz-560m,news-manual-all-test,news-manual-all-val,3,p2,1,random,95829907.66666667,11.57,1.44,25.52,58.68,28.55,7.53,16.73,19.16,17.56,16.61,14.58,15.62,109.93,174.42,34.21,22.82,88.92,97.88,30.55,80.06,1.42,1.55,0.45,0.04,0.59,0.57,8.44
opt-iml-max-30b,med-easi-test,med-easi-validation,3,p0,1,random,95829907.66666667,10.09,2.2,36.05,72.06,36.77,4.97,19.73,15.14,17.42,36.22,25.5,30.78,98.25,94.12,43.33,20.84,89.11,99.57,21.91,48.4,1.0,1.39,0.56,0.08,0.43,0.51,8.76
t5-base-lm-adapt,asset-test,asset-valid,3,p0,1,random,95829907.66666667,12.18,2.76,42.58,58.61,34.65,6.57,4.8,33.1,17.29,3.64,25.84,14.34,193.77,2781.79,13.56,12.97,61.35,75.9,23.65,60.49,3.41,4.44,0.38,0.01,0.79,0.19,8.53
ul2,med-easi-test,med-easi-validation,3,p2,1,random,95829907.66666667,8.75,2.77,49.41,55.48,35.89,9.28,-0.09,35.81,17.15,13.88,57.86,34.74,44.21,27.19,19.79,12.91,69.7,88.95,24.88,69.73,4.07,3.78,0.43,0.0,0.71,0.09,9.1
bloomz,med-easi-test,med-easi-validation,3,p0,1,random,95829907.66666667,10.57,2.49,37.03,72.74,37.42,5.27,18.38,15.14,16.77,32.62,25.05,28.81,94.36,169.65,41.17,19.59,87.84,99.19,22.06,48.87,1.04,1.43,0.56,0.05,0.46,0.51,8.77
ul2,med-easi-test,med-easi-validation,3,p0,1,random,95829907.66666667,8.81,2.78,49.88,56.68,36.45,9.28,-0.24,35.14,16.75,13.37,56.84,34.0,43.63,26.28,19.29,13.25,69.15,88.16,24.85,69.08,4.06,3.88,0.43,0.0,0.71,0.09,9.14
t0-3b,med-easi-test,med-easi-validation,3,p0,1,random,95829907.66666667,11.87,1.61,41.11,69.97,37.56,10.34,14.96,18.61,16.74,31.16,30.12,30.56,368.95,4759.54,44.04,19.86,87.45,97.49,26.86,69.69,1.66,1.35,0.56,0.14,0.48,0.39,8.99
llama-30b,med-easi-test,med-easi-validation,3,p0,1,random,95829907.66666667,11.01,3.34,36.91,72.81,37.69,5.09,17.21,15.52,16.31,29.44,23.59,26.42,87.48,113.62,40.93,20.11,86.47,98.49,20.82,49.22,1.13,1.49,0.54,0.07,0.5,0.5,8.76
llama-65b,med-easi-test,med-easi-validation,3,p0,1,random,95829907.66666667,10.49,3.12,36.82,74.09,38.01,4.82,16.88,15.18,15.94,28.04,21.75,24.78,81.32,62.96,40.25,20.28,86.33,98.28,20.74,48.14,1.13,1.47,0.53,0.08,0.51,0.52,8.77
t0,med-easi-test,med-easi-validation,3,p2,1,random,95829907.66666667,11.5,1.6,37.71,67.71,35.67,10.81,14.28,17.69,15.93,35.03,33.18,34.01,142.0,448.21,42.76,20.45,88.04,97.0,27.93,69.76,1.59,1.26,0.59,0.14,0.42,0.38,8.99
llama-13b,med-easi-test,med-easi-validation,3,p0,1,random,95829907.66666667,8.6,3.25,32.78,75.54,37.19,4.49,17.97,12.78,15.35,27.6,17.33,22.39,129.1,591.21,42.18,21.05,87.57,98.92,20.26,47.13,1.06,1.44,0.51,0.03,0.5,0.56,8.71
bloom,med-easi-test,med-easi-validation,3,p0,1,random,95829907.66666667,8.83,2.96,33.52,75.14,37.21,5.29,16.7,13.58,15.14,26.23,18.9,22.51,88.15,115.01,41.18,20.13,87.12,98.9,21.64,50.34,1.15,1.52,0.51,0.01,0.52,0.54,8.78
bloomz,med-easi-test,med-easi-validation,3,p1,1,random,95829907.66666667,10.29,2.41,35.59,71.93,36.64,4.91,15.35,14.8,15.11,28.68,24.3,26.5,105.08,127.55,37.55,17.51,87.83,99.39,21.71,47.55,1.06,1.47,0.57,0.0,0.49,0.51,8.78
ul2,med-easi-test,med-easi-validation,3,p1,1,random,95829907.66666667,8.71,2.5,49.24,53.97,35.24,8.9,-2.41,33.96,15.07,11.19,55.96,32.43,56.38,32.95,9.86,9.1,69.17,87.68,20.62,59.56,4.09,3.48,0.43,0.0,0.71,0.09,9.08
opt-66b,med-easi-test,med-easi-validation,3,p0,1,random,95829907.66666667,8.1,2.76,30.64,73.06,35.49,4.97,16.65,13.24,14.94,29.65,21.13,25.34,91.25,112.99,40.78,20.5,87.63,98.84,21.25,49.13,1.08,1.46,0.53,0.03,0.49,0.53,8.8
gpt-neox-20b,med-easi-test,med-easi-validation,3,p0,1,random,95829907.66666667,8.3,2.54,31.75,73.86,36.05,5.42,16.13,13.42,14.78,28.25,21.04,24.61,99.66,259.13,39.83,19.28,86.79,98.68,21.73,50.25,1.11,1.51,0.52,0.05,0.51,0.52,8.8
bloomz-7b1,med-easi-test,med-easi-validation,3,p0,1,random,95829907.66666667,8.91,2.29,33.04,72.76,36.03,5.39,16.22,13.26,14.75,28.76,21.3,25.01,92.97,160.17,40.01,18.89,87.98,99.16,21.77,49.08,1.1,1.43,0.54,0.05,0.49,0.53,8.8
t0pp,asset-test,asset-valid,3,p1,1,random,95829907.66666667,15.56,1.85,32.78,63.91,32.85,8.14,10.48,20.8,14.51,8.35,10.9,9.6,1144.95,10501.95,24.43,22.77,80.25,88.43,26.7,61.25,1.63,1.69,0.45,0.03,0.6,0.49,8.54
bloomz-7b1,med-easi-test,med-easi-validation,3,p1,1,random,95829907.66666667,10.31,2.11,34.83,70.18,35.7,5.34,14.47,14.26,14.39,28.64,24.51,26.57,98.57,86.38,36.37,16.77,87.93,99.44,21.83,48.41,1.1,1.44,0.57,0.01,0.49,0.5,8.76
opt-iml-max-1.3b,med-easi-test,med-easi-validation,3,p1,1,random,95829907.66666667,11.83,1.78,36.76,67.39,35.31,5.38,13.47,14.65,14.08,28.68,26.63,27.64,93.82,72.97,35.93,16.12,86.74,99.03,21.29,49.06,1.24,1.51,0.58,0.0,0.49,0.46,8.78
bloomz-3b,med-easi-test,med-easi-validation,3,p1,1,random,95829907.66666667,10.6,1.7,34.99,68.72,35.14,5.37,13.59,13.08,13.36,28.68,24.52,26.59,112.59,152.68,34.91,16.31,87.73,99.23,21.87,47.49,1.1,1.42,0.58,0.02,0.47,0.49,8.78
opt-iml-max-1.3b,med-easi-test,med-easi-validation,3,p0,1,random,95829907.66666667,9.67,1.73,34.78,71.9,36.14,5.45,15.29,11.4,13.34,30.44,21.27,25.76,92.27,101.55,40.01,19.07,87.88,99.01,21.17,47.88,1.14,1.43,0.54,0.14,0.46,0.52,8.78
llama-7b,med-easi-test,med-easi-validation,3,p0,1,random,95829907.66666667,8.01,2.85,31.36,75.16,36.46,4.49,14.72,11.81,13.2,24.85,17.6,21.12,108.31,325.31,40.55,20.57,86.69,98.18,20.18,47.89,1.09,1.51,0.5,0.03,0.53,0.55,8.73
llama-65b,med-easi-test,med-easi-validation,3,p1,1,random,95829907.66666667,10.29,2.96,35.43,73.52,37.3,4.81,12.66,13.68,13.12,22.93,20.71,21.73,92.15,74.2,36.34,17.35,86.44,98.7,20.4,47.64,1.16,1.52,0.53,0.0,0.54,0.52,8.77
llama-30b,med-easi-test,med-easi-validation,3,p1,1,random,95829907.66666667,9.23,2.85,33.21,73.79,36.62,4.76,13.11,12.93,13.04,21.86,17.99,19.9,90.79,79.95,37.22,17.22,86.83,98.95,20.7,48.27,1.17,1.53,0.51,0.0,0.55,0.53,8.77
opt-iml-max-30b,med-easi-test,med-easi-validation,3,p1,1,random,95829907.66666667,9.19,2.2,32.68,71.55,35.48,4.77,13.47,12.47,12.99,26.19,20.48,23.32,99.74,91.88,37.26,17.65,87.8,99.2,20.49,47.12,1.1,1.44,0.54,0.0,0.51,0.52,8.74
bloom,med-easi-test,med-easi-validation,3,p1,1,random,95829907.66666667,9.26,2.76,34.3,74.75,37.27,4.95,13.07,12.79,12.96,22.24,18.44,20.33,97.63,135.93,37.64,17.78,86.97,99.1,20.72,47.85,1.19,1.5,0.51,0.0,0.55,0.54,8.75
llama-13b,med-easi-test,med-easi-validation,3,p1,1,random,95829907.66666667,8.64,2.78,32.84,75.47,37.03,4.58,13.81,12.05,12.96,22.25,16.4,19.32,96.52,91.02,38.12,18.22,87.24,99.01,20.1,46.53,1.11,1.49,0.51,0.0,0.54,0.56,8.73
bloomz,med-easi-test,med-easi-validation,3,p2,1,random,95829907.66666667,5.73,1.74,37.49,70.57,36.6,7.08,9.95,15.88,12.9,25.8,27.16,26.47,69.47,173.54,47.67,14.72,82.55,96.98,10.11,22.03,2.93,3.56,0.53,0.07,0.56,0.26,9.15
t0pp,med-easi-test,med-easi-validation,3,p0,1,random,95829907.66666667,8.84,1.62,36.74,68.05,35.47,10.97,9.39,16.45,12.88,26.21,28.25,27.2,77.43,139.46,38.96,21.48,82.4,94.92,23.63,61.4,2.01,1.49,0.55,0.19,0.53,0.34,9.03
opt-30b,med-easi-test,med-easi-validation,3,p0,1,random,95829907.66666667,8.16,2.35,29.97,71.61,34.64,5.37,13.6,12.17,12.87,28.64,22.81,25.67,131.19,788.08,40.24,19.28,86.74,98.86,20.94,50.51,1.23,1.55,0.53,0.07,0.5,0.5,8.78
gpt-j-6b,med-easi-test,med-easi-validation,3,p0,1,random,95829907.66666667,7.75,2.37,31.15,74.96,36.16,5.17,14.59,11.09,12.84,25.52,16.74,21.07,192.21,1768.36,39.13,19.18,87.24,98.74,21.19,49.33,1.09,1.5,0.5,0.03,0.52,0.56,8.77
bloomz-3b,med-easi-test,med-easi-validation,3,p0,1,random,95829907.66666667,8.86,1.86,32.8,71.88,35.52,5.61,14.03,11.43,12.74,27.25,20.26,23.72,98.86,199.55,38.03,18.85,87.85,98.96,21.96,48.31,1.09,1.41,0.53,0.1,0.49,0.53,8.81
opt-13b,med-easi-test,med-easi-validation,3,p0,1,random,95829907.66666667,7.53,2.43,28.62,71.87,34.3,5.17,13.81,11.48,12.64,26.88,19.61,23.19,142.61,972.29,40.5,20.15,86.5,98.75,20.42,49.66,1.2,1.58,0.52,0.05,0.51,0.52,8.78
llama-30b,med-easi-test,med-easi-validation,3,p2,1,random,95829907.66666667,5.45,2.31,37.3,73.06,37.56,6.89,9.2,15.34,12.21,21.35,22.96,22.08,63.09,117.82,47.92,15.74,81.44,96.41,9.82,22.88,3.0,3.59,0.49,0.06,0.61,0.28,9.1
llama-65b,med-easi-test,med-easi-validation,3,p2,1,random,95829907.66666667,5.31,2.18,37.46,73.95,37.86,6.85,9.37,15.19,12.2,21.04,22.43,21.68,66.4,154.8,47.45,15.62,81.61,96.36,9.77,22.21,2.97,3.58,0.5,0.07,0.61,0.28,9.09
t5-base-lm-adapt,news-manual-all-test,news-manual-all-val,3,p2,1,random,95829907.66666667,7.92,1.82,39.52,57.47,32.94,6.0,2.61,22.92,12.13,2.42,20.08,11.06,37.33,26.76,17.8,13.73,67.11,84.23,21.81,64.69,3.72,4.63,0.36,0.01,0.82,0.21,8.47
t5-small-lm-adapt,asset-test,asset-valid,3,p1,1,random,95829907.66666667,12.11,2.24,44.81,58.04,35.03,6.83,-0.88,27.97,12.06,-1.74,21.3,9.49,51.49,96.07,5.42,8.13,56.16,69.11,16.98,45.34,3.62,3.85,0.37,0.0,0.81,0.16,8.68
bloom,med-easi-test,med-easi-validation,3,p2,1,random,95829907.66666667,4.89,2.25,36.36,74.55,37.72,7.11,8.57,15.39,11.95,18.7,21.35,20.0,61.87,119.7,47.5,15.47,81.54,96.57,10.55,24.4,3.07,3.68,0.47,0.01,0.63,0.29,9.13
opt-6.7b,med-easi-test,med-easi-validation,3,p0,1,random,95829907.66666667,6.31,2.17,27.03,74.3,34.5,5.21,14.19,9.64,11.91,25.41,16.22,20.75,96.44,151.99,40.42,19.74,87.5,98.77,21.19,50.32,1.12,1.48,0.5,0.04,0.51,0.57,8.82
opt-66b,med-easi-test,med-easi-validation,3,p1,1,random,95829907.66666667,8.47,2.12,31.04,71.84,35.0,5.31,11.8,11.9,11.86,23.95,19.78,21.84,93.16,78.0,37.48,17.27,87.08,99.13,20.99,48.15,1.19,1.48,0.53,0.0,0.52,0.51,8.77
opt-iml-max-1.3b,med-easi-test,med-easi-validation,3,p2,1,random,95829907.66666667,6.08,1.55,38.19,71.28,37.01,7.12,9.84,13.91,11.85,26.1,24.86,25.41,82.59,231.67,46.8,15.7,83.35,96.89,10.0,22.43,2.74,3.39,0.52,0.12,0.54,0.28,9.12
opt-iml-max-30b,med-easi-test,med-easi-validation,3,p2,1,random,95829907.66666667,4.55,1.74,32.56,73.09,35.8,6.78,10.02,13.5,11.73,24.83,22.03,23.37,73.41,120.69,49.28,16.34,83.39,97.17,8.85,18.97,2.75,3.56,0.5,0.05,0.56,0.31,9.1
t0pp,news-manual-all-test,news-manual-all-val,3,p1,1,random,95829907.66666667,8.79,1.27,25.39,59.23,28.63,7.8,9.37,14.76,11.62,8.63,10.43,9.54,532.99,5484.59,35.66,22.99,84.14,94.33,16.85,45.63,1.83,1.77,0.42,0.03,0.65,0.51,8.49
opt-6.7b,med-easi-test,med-easi-validation,3,p1,1,random,95829907.66666667,8.55,2.14,31.78,72.9,35.6,5.5,11.65,11.53,11.6,22.33,18.74,20.49,94.05,87.6,36.87,17.08,86.83,98.98,21.39,50.84,1.27,1.53,0.51,0.0,0.54,0.52,8.81
t0pp,med-easi-test,med-easi-validation,3,p2,1,random,95829907.66666667,8.04,1.59,36.95,68.29,35.61,10.67,7.66,15.61,11.58,23.51,26.58,25.01,70.77,102.49,36.6,22.15,80.99,94.23,22.28,58.68,2.18,1.67,0.54,0.17,0.56,0.33,9.04
bloom-7b1,med-easi-test,med-easi-validation,3,p0,1,random,95829907.66666667,7.82,2.47,31.87,73.92,36.09,6.04,11.32,11.77,11.54,21.03,17.86,19.4,80.81,107.2,36.6,18.05,84.41,98.2,21.25,53.92,1.52,1.77,0.49,0.04,0.57,0.49,8.77
bloom-7b1,med-easi-test,med-easi-validation,3,p1,1,random,95829907.66666667,8.48,2.25,31.51,73.11,35.62,5.45,11.43,11.58,11.52,21.69,18.37,20.01,93.12,80.37,36.26,16.39,86.55,99.02,21.34,49.53,1.24,1.51,0.52,0.0,0.55,0.53,8.78
llama-13b,med-easi-test,med-easi-validation,3,p2,1,random,95829907.66666667,4.89,2.24,34.59,74.12,36.98,6.73,9.43,13.6,11.43,20.43,19.6,19.91,94.75,555.07,48.63,16.41,82.11,96.25,9.2,20.62,2.92,3.54,0.48,0.04,0.59,0.31,9.06
opt-66b,med-easi-test,med-easi-validation,3,p2,1,random,95829907.66666667,4.34,2.08,32.04,73.05,35.72,6.96,9.02,13.88,11.42,21.84,21.7,21.74,72.84,196.78,47.28,15.94,82.01,96.38,9.7,22.25,2.88,3.57,0.49,0.02,0.6,0.29,9.14
gpt-neox-20b,med-easi-test,med-easi-validation,3,p1,1,random,95829907.66666667,7.22,2.59,29.37,75.66,35.87,4.92,11.75,10.56,11.18,19.66,14.3,16.95,96.44,89.67,36.18,17.3,87.02,99.07,20.35,47.39,1.18,1.49,0.48,0.0,0.55,0.57,8.77
t5-base-lm-adapt,news-manual-all-test,news-manual-all-val,3,p0,1,random,95829907.66666667,7.67,1.79,38.79,58.27,32.95,6.05,1.76,21.65,11.07,1.47,18.52,9.82,99.39,978.39,17.62,14.04,67.82,84.69,22.22,65.41,3.64,4.39,0.36,0.01,0.82,0.22,8.49
opt-30b,med-easi-test,med-easi-validation,3,p1,1,random,95829907.66666667,7.47,2.22,29.12,73.65,35.0,5.2,11.12,10.93,11.04,21.87,17.74,19.78,103.74,152.59,36.09,17.14,87.18,99.16,20.51,48.07,1.23,1.48,0.51,0.0,0.54,0.53,8.78
bloomz-1b1,med-easi-test,med-easi-validation,3,p1,1,random,95829907.66666667,9.2,1.85,34.03,73.29,36.39,5.47,10.96,10.72,10.88,21.28,17.47,19.37,96.65,80.52,32.77,15.61,87.48,99.24,21.27,48.22,1.16,1.42,0.51,0.0,0.54,0.54,8.76
gpt-j-6b,med-easi-test,med-easi-validation,3,p1,1,random,95829907.66666667,7.84,2.48,30.67,74.6,35.92,5.07,10.82,10.66,10.77,19.79,16.15,17.96,97.05,113.11,35.23,16.71,86.38,98.83,20.32,48.39,1.17,1.53,0.5,0.0,0.56,0.54,8.77
opt-13b,med-easi-test,med-easi-validation,3,p1,1,random,95829907.66666667,7.04,2.14,27.61,72.2,33.98,5.07,10.76,10.61,10.7,21.42,17.35,19.36,94.3,102.14,36.5,17.07,86.68,99.16,20.21,48.19,1.22,1.51,0.51,0.0,0.54,0.53,8.76
gpt-neox-20b,med-easi-test,med-easi-validation,3,p2,1,random,95829907.66666667,4.18,1.93,32.43,73.71,36.02,7.07,7.74,13.53,10.62,19.17,20.53,19.82,81.43,313.87,46.46,15.3,81.09,96.19,10.08,23.36,3.01,3.62,0.47,0.03,0.62,0.29,9.1
llama-7b,med-easi-test,med-easi-validation,3,p1,1,random,95829907.66666667,5.79,2.59,25.53,76.15,34.76,4.35,11.75,9.45,10.62,18.57,12.24,15.39,97.75,120.73,37.9,18.56,87.58,99.14,19.99,46.09,1.11,1.5,0.47,0.0,0.57,0.59,8.75
gpt-j-6b,med-easi-test,med-easi-validation,3,p2,1,random,95829907.66666667,4.51,1.92,33.37,73.31,36.2,7.01,8.08,13.01,10.53,20.02,19.76,19.86,72.57,216.23,46.67,15.02,82.02,96.59,9.86,22.56,2.96,3.6,0.48,0.03,0.61,0.31,9.13
llama-7b,med-easi-test,med-easi-validation,3,p2,1,random,95829907.66666667,4.25,2.22,33.05,75.59,36.95,6.62,7.67,13.06,10.28,17.33,18.21,17.68,70.82,208.73,48.42,16.44,81.58,95.87,9.38,21.55,2.94,3.61,0.47,0.03,0.63,0.32,9.09
t5-large-lm-adapt,med-easi-test,med-easi-validation,3,p2,1,random,95829907.66666667,6.71,1.84,45.1,63.14,36.69,8.62,-3.5,25.05,10.27,7.51,43.58,24.59,36.25,27.46,19.34,13.97,69.85,86.26,24.18,66.55,4.04,4.11,0.41,0.02,0.75,0.15,9.0
t5-small-lm-adapt,asset-test,asset-valid,3,p2,1,random,95829907.66666667,10.21,2.44,37.58,61.65,33.89,6.61,-0.77,24.17,10.27,-2.58,15.6,6.28,73.31,93.55,14.56,15.46,68.76,84.37,25.61,67.01,3.17,4.07,0.38,0.01,0.8,0.23,8.5
t5-large-lm-adapt,med-easi-test,med-easi-validation,3,p0,1,random,95829907.66666667,6.09,1.86,42.07,65.13,36.35,8.25,-1.84,22.98,10.17,8.74,40.04,23.59,38.94,35.71,20.93,15.38,71.29,87.57,24.24,67.0,3.74,4.02,0.42,0.03,0.74,0.17,9.01
opt-30b,med-easi-test,med-easi-validation,3,p2,1,random,95829907.66666667,4.39,1.88,31.83,71.54,35.08,7.02,6.69,13.27,9.96,21.81,23.62,22.69,70.45,163.71,46.96,15.27,81.72,96.58,9.88,23.04,2.88,3.6,0.5,0.07,0.6,0.27,9.16
bloom-3b,med-easi-test,med-easi-validation,3,p1,1,random,95829907.66666667,8.07,2.18,31.0,74.03,35.73,5.56,9.43,10.09,9.78,18.23,15.25,16.72,92.5,83.65,34.45,16.07,85.86,98.78,21.21,50.44,1.31,1.59,0.5,0.0,0.57,0.53,8.78
bloom-3b,med-easi-test,med-easi-validation,3,p0,1,random,95829907.66666667,6.93,2.11,29.43,73.89,35.14,6.16,9.26,9.89,9.56,19.33,16.45,17.82,90.65,176.18,35.98,17.81,84.6,98.12,22.06,53.89,1.47,1.79,0.48,0.04,0.57,0.52,8.83
bloom-7b1,med-easi-test,med-easi-validation,3,p2,1,random,95829907.66666667,4.9,1.96,37.53,72.92,37.47,7.23,4.99,14.17,9.53,16.2,21.7,18.9,60.12,138.53,44.17,14.96,79.66,96.0,11.14,27.14,3.33,3.87,0.47,0.04,0.65,0.24,9.14
bloomz-7b1,med-easi-test,med-easi-validation,3,p2,1,random,95829907.66666667,4.83,1.62,34.86,73.85,36.78,7.08,7.19,11.68,9.43,18.88,18.62,18.73,72.14,157.8,47.15,15.6,83.36,96.92,9.77,20.66,2.92,3.51,0.48,0.05,0.6,0.32,9.17
bloomz-1b1,med-easi-test,med-easi-validation,3,p0,1,random,95829907.66666667,6.89,1.76,29.44,75.18,35.46,5.17,11.34,6.9,9.15,22.14,12.81,17.43,114.99,215.56,36.21,18.52,88.75,98.83,21.33,45.86,1.04,1.42,0.49,0.07,0.51,0.59,8.77
bloom-560m,med-easi-test,med-easi-validation,3,p1,1,random,95829907.66666667,8.62,1.64,31.49,71.36,34.83,5.84,8.53,9.54,9.06,19.79,17.45,18.6,98.74,104.93,32.47,15.57,86.81,99.02,21.25,49.77,1.31,1.5,0.52,0.0,0.55,0.52,8.8
t5-base-lm-adapt,med-easi-test,med-easi-validation,3,p1,1,random,95829907.66666667,6.57,1.7,43.06,61.81,35.52,8.93,-3.64,22.21,8.9,8.24,39.76,23.3,54.14,44.86,10.31,11.5,69.67,86.45,19.64,58.28,3.87,3.3,0.42,0.0,0.74,0.15,9.01
t5-small-lm-adapt,asset-test,asset-valid,3,p0,1,random,95829907.66666667,9.22,2.47,35.1,62.34,33.3,6.37,-1.81,22.43,8.86,-3.87,13.39,4.54,70.54,94.09,13.64,15.05,67.77,83.2,24.98,65.83,3.19,4.22,0.37,0.0,0.81,0.24,8.5
opt-6.7b,med-easi-test,med-easi-validation,3,p2,1,random,95829907.66666667,3.53,1.75,28.63,73.82,34.73,7.02,7.03,10.73,8.86,18.66,17.77,18.17,68.23,143.82,47.72,15.96,82.45,96.6,10.24,23.67,2.78,3.48,0.46,0.04,0.62,0.33,9.16
bloomz-560m,med-easi-test,med-easi-validation,3,p1,1,random,95829907.66666667,8.6,1.8,31.8,72.08,35.23,5.94,8.1,9.4,8.76,18.92,17.03,17.96,96.86,86.47,28.6,15.53,85.78,98.03,20.81,48.51,1.4,1.53,0.51,0.01,0.56,0.51,8.79
opt-13b,med-easi-test,med-easi-validation,3,p2,1,random,95829907.66666667,3.77,1.9,30.05,72.12,34.69,6.96,5.51,11.98,8.73,18.08,19.64,18.83,63.2,165.07,47.16,15.91,81.0,96.39,9.71,23.13,3.0,3.75,0.47,0.05,0.63,0.27,9.12
opt-1.3b,med-easi-test,med-easi-validation,3,p1,1,random,95829907.66666667,8.75,1.95,32.05,72.37,35.46,5.6,7.82,9.3,8.57,18.51,16.51,17.49,88.92,67.41,33.86,15.46,85.88,98.91,21.01,49.69,1.37,1.6,0.5,0.0,0.56,0.51,8.79
bloomz-3b,med-easi-test,med-easi-validation,3,p2,1,random,95829907.66666667,4.49,1.49,33.04,72.53,35.68,7.17,5.91,11.22,8.56,19.26,19.59,19.41,114.99,817.43,44.79,15.69,82.62,96.72,9.68,20.91,2.95,3.53,0.48,0.08,0.59,0.3,9.15
bloom-1b1,med-easi-test,med-easi-validation,3,p1,1,random,95829907.66666667,8.44,1.86,31.88,73.45,35.73,6.01,7.67,8.93,8.33,17.15,14.81,15.97,93.48,81.97,33.47,15.37,86.18,99.02,21.47,51.09,1.34,1.58,0.5,0.0,0.57,0.53,8.78
opt-1.3b,med-easi-test,med-easi-validation,3,p0,1,random,95829907.66666667,6.03,1.71,25.34,72.28,33.11,5.9,6.98,5.94,6.46,18.25,13.18,15.65,83.45,70.32,35.54,17.66,85.91,98.7,20.88,49.85,1.44,1.61,0.48,0.1,0.56,0.54,8.8
bloomz-1b1,med-easi-test,med-easi-validation,3,p2,1,random,95829907.66666667,4.02,1.49,31.08,74.39,35.65,6.99,4.75,8.07,6.4,15.83,14.04,14.9,140.22,1032.93,43.69,16.74,83.6,96.43,8.97,19.09,2.87,3.52,0.45,0.08,0.6,0.36,9.12
bloom-3b,med-easi-test,med-easi-validation,3,p2,1,random,95829907.66666667,3.65,1.73,31.8,72.89,35.48,7.4,0.96,11.03,5.94,11.44,18.14,14.72,61.88,171.98,42.21,15.07,78.65,95.54,11.44,28.0,3.41,3.94,0.44,0.04,0.69,0.26,9.17
bloom-1b1,med-easi-test,med-easi-validation,3,p0,1,random,95829907.66666667,5.63,1.96,27.86,74.73,34.85,6.8,4.38,6.39,5.37,11.92,10.91,11.33,85.45,165.03,33.27,16.77,83.99,98.09,21.76,55.69,1.72,1.93,0.44,0.06,0.62,0.51,8.82
t5-small-lm-adapt,news-manual-all-test,news-manual-all-val,3,p2,1,random,95829907.66666667,5.61,1.5,31.15,58.98,30.54,6.33,-3.46,14.37,4.85,-4.52,10.39,2.83,59.33,44.56,16.85,16.35,73.18,90.86,21.55,65.58,3.64,4.14,0.35,0.01,0.83,0.26,8.42
t5-small-lm-adapt,news-manual-all-test,news-manual-all-val,3,p0,1,random,95829907.66666667,4.89,1.54,28.86,59.59,30.0,6.0,-4.15,13.05,3.85,-5.38,8.72,1.58,60.51,41.42,15.48,15.62,73.42,91.11,21.86,66.78,3.64,4.29,0.34,0.0,0.83,0.26,8.43
opt-1.3b,med-easi-test,med-easi-validation,3,p2,1,random,95829907.66666667,3.28,1.51,28.6,71.9,34.0,7.17,-0.17,7.84,3.82,11.46,15.19,13.29,63.64,140.88,43.64,14.65,80.25,96.0,10.04,23.3,3.28,3.9,0.44,0.11,0.66,0.28,9.19
t0,med-easi-test,med-easi-validation,3,p1,1,random,95829907.66666667,6.83,1.4,27.29,72.96,33.88,9.53,3.7,3.02,3.28,14.87,8.91,11.75,1931.55,16073.71,29.15,22.64,87.6,93.75,27.94,67.65,1.34,1.23,0.44,0.03,0.46,0.57,8.99
t5-small-lm-adapt,news-manual-all-test,news-manual-all-val,3,p1,1,random,95829907.66666667,6.23,1.44,33.96,58.21,31.2,5.86,-6.86,14.65,3.26,-7.41,11.28,1.78,52.98,37.85,5.72,8.21,65.69,82.14,16.32,51.92,3.73,3.85,0.34,0.0,0.85,0.23,8.59
bloom-1b1,med-easi-test,med-easi-validation,3,p2,1,random,95829907.66666667,3.17,1.66,31.01,74.9,35.86,7.37,-3.88,7.25,1.63,3.63,11.84,7.63,59.39,155.0,40.47,15.44,78.19,95.46,11.88,30.29,3.65,4.16,0.4,0.05,0.73,0.27,9.17
bloomz-560m,med-easi-test,med-easi-validation,3,p0,1,random,95829907.66666667,3.72,1.73,19.68,77.63,33.02,5.32,3.32,-0.78,1.31,6.81,-1.49,2.65,87.41,73.05,33.37,18.19,88.39,99.17,20.2,47.19,1.17,1.48,0.41,0.03,0.63,0.66,8.77
bloom-560m,med-easi-test,med-easi-validation,3,p0,1,random,95829907.66666667,4.13,1.88,25.83,77.12,34.94,6.87,-1.02,2.93,0.93,3.94,4.95,4.38,72.94,49.99,29.18,15.23,82.43,97.01,21.82,56.25,1.98,2.26,0.41,0.04,0.69,0.52,8.83
t0pp,med-easi-test,med-easi-validation,3,p1,1,random,95829907.66666667,4.85,1.47,29.15,73.11,34.58,10.94,-3.71,4.33,0.26,4.5,9.41,6.88,313.97,2723.37,22.77,19.8,78.12,90.14,18.75,48.3,2.26,1.65,0.43,0.02,0.67,0.42,9.09
t5-base-lm-adapt,med-easi-test,med-easi-validation,3,p2,1,random,95829907.66666667,2.4,1.8,27.16,75.13,34.7,8.47,-8.87,7.25,-0.92,-4.53,11.49,3.27,141.86,1790.31,16.41,12.6,69.57,87.56,22.0,65.64,3.96,3.95,0.34,0.0,0.84,0.25,9.04
t5-base-lm-adapt,med-easi-test,med-easi-validation,3,p0,1,random,95829907.66666667,2.56,1.82,27.91,75.74,35.16,8.26,-9.04,6.94,-1.17,-4.98,10.08,2.35,143.25,1782.01,16.54,12.62,69.49,87.05,21.84,64.8,3.82,3.92,0.34,0.0,0.83,0.26,9.02
bloom-560m,med-easi-test,med-easi-validation,3,p2,1,random,95829907.66666667,2.39,1.62,27.78,76.71,35.37,7.58,-8.66,3.56,-2.6,-3.5,5.63,1.0,53.87,92.31,36.27,15.98,77.41,95.38,12.57,32.75,3.96,4.34,0.37,0.05,0.78,0.27,9.19
bloomz-560m,med-easi-test,med-easi-validation,3,p2,1,random,95829907.66666667,2.02,1.43,20.52,77.48,33.14,6.83,-4.73,-1.44,-3.08,-0.56,-1.5,-1.03,175.96,1424.37,38.32,17.93,83.46,96.45,9.0,19.01,2.98,3.61,0.37,0.04,0.69,0.44,9.08
t5-small-lm-adapt,med-easi-test,med-easi-validation,3,p2,1,random,95829907.66666667,2.47,1.67,27.18,75.28,34.71,8.87,-11.7,3.58,-4.15,-8.23,5.35,-1.56,66.8,60.34,12.68,12.24,74.19,93.4,22.28,67.26,3.93,3.69,0.34,0.0,0.84,0.26,9.09
t5-small-lm-adapt,med-easi-test,med-easi-validation,3,p0,1,random,95829907.66666667,2.17,1.67,25.2,75.94,34.27,8.59,-11.43,2.92,-4.33,-8.38,4.08,-2.27,66.21,53.72,13.08,12.54,74.26,93.09,22.13,67.43,3.83,3.78,0.33,0.0,0.84,0.27,9.04
t5-small-lm-adapt,med-easi-test,med-easi-validation,3,p1,1,random,95829907.66666667,2.46,1.56,27.44,73.8,34.27,8.57,-14.42,3.18,-5.72,-9.48,6.82,-1.45,59.58,43.24,4.22,5.56,65.79,82.36,17.55,53.57,3.98,3.38,0.34,0.0,0.85,0.23,9.04
